2023_04_02_21_20_33_754,1
2023_04_02_21_20_33_802,1
2023_04_02_21_20_33_848,1
2023_04_02_21_20_33_895,1
2023_04_02_21_20_33_941,1
2023_04_02_21_20_33_987,1
2023_04_02_21_20_34_034,1
2023_04_02_21_20_34_080,1
2023_04_02_21_20_34_121,1
2023_04_02_21_20_34_165,1
2023_04_02_21_20_34_208,1
2023_04_02_21_20_34_251,1
2023_04_02_21_20_34_292,1
2023_04_02_21_20_34_335,1
2023_04_02_21_20_34_377,1
2023_04_02_21_20_34_420,1
2023_04_02_21_20_34_464,1
2023_04_02_21_20_34_508,1
2023_04_02_21_20_34_550,1
2023_04_02_21_20_34_596,1
2023_04_02_21_20_34_647,1
2023_04_02_21_20_34_700,1
2023_04_02_21_20_34_751,1
2023_04_02_21_20_34_799,1
2023_04_02_21_20_34_844,1
2023_04_02_21_20_34_893,1
2023_04_02_21_20_34_939,1
2023_04_02_21_20_34_986,1
2023_04_02_21_20_35_033,1
2023_04_02_21_20_35_076,1
2023_04_02_21_20_35_122,1
2023_04_02_21_20_35_170,1
2023_04_02_21_20_35_217,1
2023_04_02_21_20_35_266,1
2023_04_02_21_20_35_328,1
2023_04_02_21_20_35_373,1
2023_04_02_21_20_35_420,1
2023_04_02_21_20_35_467,1
2023_04_02_21_20_35_511,1
2023_04_02_21_20_35_556,1
2023_04_02_21_20_35_604,1
2023_04_02_21_20_35_649,1
2023_04_02_21_20_35_696,1
2023_04_02_21_20_35_743,1
2023_04_02_21_20_35_788,1
2023_04_02_21_20_35_831,1
2023_04_02_21_20_35_876,1
2023_04_02_21_20_35_921,1
2023_04_02_21_20_35_966,1
2023_04_02_21_20_36_011,1
2023_04_02_21_20_36_057,1
2023_04_02_21_20_36_104,1
2023_04_02_21_20_36_147,1
2023_04_02_21_20_36_190,1
2023_04_02_21_20_36_234,1
2023_04_02_21_20_36_277,1
2023_04_02_21_20_36_321,1
2023_04_02_21_20_36_364,1
2023_04_02_21_20_36_406,1
2023_04_02_21_20_36_451,1
2023_04_02_21_20_36_492,1
2023_04_02_21_20_36_536,1
2023_04_02_21_20_36_580,1
2023_04_02_21_20_36_625,1
2023_04_02_21_20_36_670,1
2023_04_02_21_20_36_715,1
2023_04_02_21_20_36_760,1
2023_04_02_21_20_36_801,1
2023_04_02_21_20_36_848,1
2023_04_02_21_20_36_891,1
2023_04_02_21_20_36_933,1
2023_04_02_21_20_36_977,1
2023_04_02_21_20_37_021,1
2023_04_02_21_20_37_065,1
2023_04_02_21_20_37_105,1
2023_04_02_21_20_37_151,1
2023_04_02_21_20_37_195,1
2023_04_02_21_20_37_239,1
2023_04_02_21_20_37_283,1
2023_04_02_21_20_37_327,1
2023_04_02_21_20_37_370,1
2023_04_02_21_20_37_410,1
2023_04_02_21_20_37_455,1
2023_04_02_21_20_37_496,1
2023_04_02_21_20_37_540,1
2023_04_02_21_20_37_584,1
2023_04_02_21_20_37_626,1
2023_04_02_21_20_37_668,1
2023_04_02_21_20_37_709,1
2023_04_02_21_20_37_753,1
2023_04_02_21_20_37_796,1
2023_04_02_21_20_37_839,1
2023_04_02_21_20_37_882,1
2023_04_02_21_20_37_926,1
2023_04_02_21_20_37_970,1
2023_04_02_21_20_38_013,1
2023_04_02_21_20_38_056,1
2023_04_02_21_20_38_098,1
2023_04_02_21_20_38_140,1
2023_04_02_21_20_38_184,1
2023_04_02_21_20_38_228,1
2023_04_02_21_20_38_271,1
2023_04_02_21_20_38_316,1
2023_04_02_21_20_38_361,1
2023_04_02_21_20_38_404,1
2023_04_02_21_20_38_450,1
2023_04_02_21_20_38_495,1
2023_04_02_21_20_38_539,1
2023_04_02_21_20_38_585,1
2023_04_02_21_20_38_631,1
2023_04_02_21_20_38_675,1
2023_04_02_21_20_38_722,1
2023_04_02_21_20_38_767,1
2023_04_02_21_20_38_811,1
2023_04_02_21_20_38_852,1
2023_04_02_21_20_38_897,1
2023_04_02_21_20_38_941,1
2023_04_02_21_20_38_984,1
2023_04_02_21_20_39_027,1
2023_04_02_21_20_39_069,1
2023_04_02_21_20_39_109,1
2023_04_02_21_20_39_153,1
2023_04_02_21_20_39_195,1
2023_04_02_21_20_39_235,1
2023_04_02_21_20_39_276,1
2023_04_02_21_20_39_317,1
2023_04_02_21_20_39_355,1
2023_04_02_21_20_39_395,1
2023_04_02_21_20_39_439,1
2023_04_02_21_20_39_481,1
2023_04_02_21_20_39_520,1
2023_04_02_21_20_39_564,1
2023_04_02_21_20_39_606,1
2023_04_02_21_20_39_649,1
2023_04_02_21_20_39_689,1
2023_04_02_21_20_39_730,1
2023_04_02_21_20_39_770,1
2023_04_02_21_20_39_809,1
2023_04_02_21_20_39_850,1
2023_04_02_21_20_39_893,1
2023_04_02_21_20_39_932,1
2023_04_02_21_20_39_971,1
2023_04_02_21_20_40_012,1
2023_04_02_21_20_40_051,1
2023_04_02_21_20_40_090,1
2023_04_02_21_20_40_129,1
2023_04_02_21_20_40_170,1
2023_04_02_21_20_40_209,1
2023_04_02_21_20_40_248,1
2023_04_02_21_20_40_287,1
2023_04_02_21_20_40_327,1
2023_04_02_21_20_40_364,1
2023_04_02_21_20_40_405,1
2023_04_02_21_20_40_446,1
2023_04_02_21_20_40_486,1
2023_04_02_21_20_40_526,1
2023_04_02_21_20_40_566,1
2023_04_02_21_20_40_608,1
2023_04_02_21_20_40_647,1
2023_04_02_21_20_40_687,1
2023_04_02_21_20_40_726,1
2023_04_02_21_20_40_767,1
2023_04_02_21_20_40_806,1
2023_04_02_21_20_40_845,1
2023_04_02_21_20_40_888,1
2023_04_02_21_20_40_927,1
2023_04_02_21_20_40_966,1
2023_04_02_21_20_41_007,1
2023_04_02_21_20_41_046,1
2023_04_02_21_20_41_085,1
2023_04_02_21_20_41_125,1
2023_04_02_21_20_41_166,1
2023_04_02_21_20_41_205,1
2023_04_02_21_20_41_244,1
2023_04_02_21_20_41_284,1
2023_04_02_21_20_41_323,1
2023_04_02_21_20_41_363,1
2023_04_02_21_20_41_403,1
2023_04_02_21_20_41_445,1
2023_04_02_21_20_41_486,1
2023_04_02_21_20_41_524,1
2023_04_02_21_20_41_562,1
2023_04_02_21_20_41_604,1
2023_04_02_21_20_41_643,1
2023_04_02_21_20_41_682,1
2023_04_02_21_20_41_722,1
2023_04_02_21_20_41_762,1
2023_04_02_21_20_41_803,1
2023_04_02_21_20_41_843,1
2023_04_02_21_20_41_883,1
2023_04_02_21_20_41_922,1
2023_04_02_21_20_41_961,1
2023_04_02_21_20_42_005,1
2023_04_02_21_20_42_044,1
2023_04_02_21_20_42_085,1
2023_04_02_21_20_42_123,1
2023_04_02_21_20_42_164,1
2023_04_02_21_20_42_205,1
2023_04_02_21_20_42_244,1
2023_04_02_21_20_42_284,1
2023_04_02_21_20_42_326,1
2023_04_02_21_20_42_366,1
2023_04_02_21_20_42_405,1
2023_04_02_21_20_42_446,1
2023_04_02_21_20_42_483,1
2023_04_02_21_20_42_522,1
2023_04_02_21_20_42_562,1
2023_04_02_21_20_42_602,1
2023_04_02_21_20_42_642,1
2023_04_02_21_20_42_682,1
2023_04_02_21_20_42_722,1
2023_04_02_21_20_42_762,1
2023_04_02_21_20_42_803,1
2023_04_02_21_20_42_843,1
2023_04_02_21_20_42_884,1
2023_04_02_21_20_42_923,1
2023_04_02_21_20_42_962,1
2023_04_02_21_20_43_002,1
2023_04_02_21_20_43_043,1
2023_04_02_21_20_43_083,1
2023_04_02_21_20_43_121,1
2023_04_02_21_20_43_162,1
2023_04_02_21_20_43_200,1
2023_04_02_21_20_43_240,1
2023_04_02_21_20_43_281,1
2023_04_02_21_20_43_322,1
2023_04_02_21_20_43_362,1
2023_04_02_21_20_43_402,1
2023_04_02_21_20_43_443,1
2023_04_02_21_20_43_481,1
2023_04_02_21_20_43_521,1
2023_04_02_21_20_43_561,1
2023_04_02_21_20_43_601,1
2023_04_02_21_20_43_642,1
2023_04_02_21_20_43_683,1
2023_04_02_21_20_43_726,1
2023_04_02_21_20_43_769,1
2023_04_02_21_20_43_810,1
2023_04_02_21_20_43_851,1
2023_04_02_21_20_43_892,1
2023_04_02_21_20_43_931,1
2023_04_02_21_20_43_971,1
2023_04_02_21_20_44_012,1
2023_04_02_21_20_44_055,1
2023_04_02_21_20_44_094,1
2023_04_02_21_20_44_136,1
2023_04_02_21_20_44_177,1
2023_04_02_21_20_44_216,1
2023_04_02_21_20_44_256,1
2023_04_02_21_20_44_296,1
2023_04_02_21_20_44_337,1
2023_04_02_21_20_44_376,1
2023_04_02_21_20_44_415,1
2023_04_02_21_20_44_455,1
2023_04_02_21_20_44_496,1
2023_04_02_21_20_44_536,1
2023_04_02_21_20_44_578,1
2023_04_02_21_20_44_617,1
2023_04_02_21_20_44_656,1
2023_04_02_21_20_44_694,1
2023_04_02_21_20_44_737,1
2023_04_02_21_20_44_776,1
2023_04_02_21_20_44_818,1
2023_04_02_21_20_44_858,1
2023_04_02_21_20_44_899,1
2023_04_02_21_20_44_938,1
2023_04_02_21_20_44_977,1
2023_04_02_21_20_45_017,1
2023_04_02_21_20_45_071,1
2023_04_02_21_20_45_110,1
2023_04_02_21_20_45_150,1
2023_04_02_21_20_45_189,1
2023_04_02_21_20_45_229,1
2023_04_02_21_20_45_267,1
2023_04_02_21_20_45_307,1
2023_04_02_21_20_45_346,1
2023_04_02_21_20_45_385,1
2023_04_02_21_20_45_425,1
2023_04_02_21_20_45_465,1
2023_04_02_21_20_45_504,1
2023_04_02_21_20_45_543,1
2023_04_02_21_20_45_585,1
2023_04_02_21_20_45_624,1
2023_04_02_21_20_45_663,1
2023_04_02_21_20_45_703,1
2023_04_02_21_20_45_749,1
2023_04_02_21_20_45_794,1
2023_04_02_21_20_45_840,1
2023_04_02_21_20_45_883,1
2023_04_02_21_20_45_925,1
2023_04_02_21_20_45_965,1
2023_04_02_21_20_46_007,1
2023_04_02_21_20_46_049,1
2023_04_02_21_20_46_094,1
2023_04_02_21_20_46_136,1
2023_04_02_21_20_46_179,1
2023_04_02_21_20_46_221,1
2023_04_02_21_20_46_267,1
2023_04_02_21_20_46_310,1
2023_04_02_21_20_46_355,1
2023_04_02_21_20_46_397,1
2023_04_02_21_20_46_440,1
2023_04_02_21_20_46_481,1
2023_04_02_21_20_46_522,1
2023_04_02_21_20_46_563,1
2023_04_02_21_20_46_605,1
2023_04_02_21_20_46_646,1
2023_04_02_21_20_46_688,1
2023_04_02_21_20_46_730,1
2023_04_02_21_20_46_770,1
2023_04_02_21_20_46_811,1
2023_04_02_21_20_46_855,1
2023_04_02_21_20_46_896,1
2023_04_02_21_20_46_937,1
2023_04_02_21_20_46_978,1
2023_04_02_21_20_47_028,1
2023_04_02_21_20_47_075,1
2023_04_02_21_20_47_121,1
2023_04_02_21_20_47_166,1
2023_04_02_21_20_47_206,1
2023_04_02_21_20_47_247,1
2023_04_02_21_20_47_289,1
2023_04_02_21_20_47_330,1
2023_04_02_21_20_47_371,1
2023_04_02_21_20_47_415,1
2023_04_02_21_20_47_462,1
2023_04_02_21_20_47_510,1
2023_04_02_21_20_47_557,1
2023_04_02_21_20_47_601,1
2023_04_02_21_20_47_643,1
2023_04_02_21_20_47_685,1
2023_04_02_21_20_47_727,1
2023_04_02_21_20_47_768,1
2023_04_02_21_20_47_811,1
2023_04_02_21_20_47_851,1
2023_04_02_21_20_47_893,1
2023_04_02_21_20_47_934,1
2023_04_02_21_20_47_975,1
2023_04_02_21_20_48_019,1
2023_04_02_21_20_48_062,1
2023_04_02_21_20_48_108,1
2023_04_02_21_20_48_151,1
2023_04_02_21_20_48_195,1
2023_04_02_21_20_48_237,1
2023_04_02_21_20_48_280,1
2023_04_02_21_20_48_322,1
2023_04_02_21_20_48_364,1
2023_04_02_21_20_48_409,1
2023_04_02_21_20_48_453,1
2023_04_02_21_20_48_494,1
2023_04_02_21_20_48_536,1
2023_04_02_21_20_48_577,1
2023_04_02_21_20_48_619,1
2023_04_02_21_20_48_662,1
2023_04_02_21_20_48_707,1
2023_04_02_21_20_48_754,1
2023_04_02_21_20_48_801,1
2023_04_02_21_20_48_847,1
2023_04_02_21_20_48_890,1
2023_04_02_21_20_48_934,1
2023_04_02_21_20_48_974,1
2023_04_02_21_20_49_021,1
2023_04_02_21_20_49_063,1
2023_04_02_21_20_49_110,1
2023_04_02_21_20_49_161,1
2023_04_02_21_20_49_207,1
2023_04_02_21_20_49_252,1
2023_04_02_21_20_49_294,1
2023_04_02_21_20_49_336,1
2023_04_02_21_20_49_377,1
2023_04_02_21_20_49_419,1
2023_04_02_21_20_49_460,1
2023_04_02_21_20_49_506,1
2023_04_02_21_20_49_553,1
2023_04_02_21_20_49_605,1
2023_04_02_21_20_49_650,1
2023_04_02_21_20_49_691,1
2023_04_02_21_20_49_735,1
2023_04_02_21_20_49_779,1
2023_04_02_21_20_49_820,1
2023_04_02_21_20_49_862,1
2023_04_02_21_20_49_906,1
2023_04_02_21_20_49_949,1
2023_04_02_21_20_49_994,1
2023_04_02_21_20_50_035,1
2023_04_02_21_20_50_078,1
2023_04_02_21_20_50_122,1
2023_04_02_21_20_50_165,1
2023_04_02_21_20_50_207,1
2023_04_02_21_20_50_253,1
2023_04_02_21_20_50_303,1
2023_04_02_21_20_50_353,1
2023_04_02_21_20_50_404,1
2023_04_02_21_20_50_447,1
2023_04_02_21_20_50_490,1
2023_04_02_21_20_50_534,1
2023_04_02_21_20_50_578,1
2023_04_02_21_20_50_624,1
2023_04_02_21_20_50_668,1
2023_04_02_21_20_50_714,1
2023_04_02_21_20_50_760,1
2023_04_02_21_20_50_806,1
2023_04_02_21_20_50_854,1
2023_04_02_21_20_50_900,1
2023_04_02_21_20_50_944,1
2023_04_02_21_20_50_990,1
2023_04_02_21_20_51_036,1
2023_04_02_21_20_51_081,1
2023_04_02_21_20_51_124,1
2023_04_02_21_20_51_171,1
2023_04_02_21_20_51_214,1
2023_04_02_21_20_51_259,1
2023_04_02_21_20_51_304,1
2023_04_02_21_20_51_347,1
2023_04_02_21_20_51_391,1
2023_04_02_21_20_51_435,1
2023_04_02_21_20_51_479,1
2023_04_02_21_20_51_524,1
2023_04_02_21_20_51_565,1
2023_04_02_21_20_51_611,1
2023_04_02_21_20_51_653,1
2023_04_02_21_20_51_698,1
2023_04_02_21_20_51_742,1
2023_04_02_21_20_51_785,1
2023_04_02_21_20_51_826,1
2023_04_02_21_20_51_872,1
2023_04_02_21_20_51_914,1
2023_04_02_21_20_51_957,1
2023_04_02_21_20_52_001,1
2023_04_02_21_20_52_043,1
2023_04_02_21_20_52_085,1
2023_04_02_21_20_52_127,1
2023_04_02_21_20_52_171,1
2023_04_02_21_20_52_216,1
2023_04_02_21_20_52_263,1
2023_04_02_21_20_52_308,1
2023_04_02_21_20_52_351,1
2023_04_02_21_20_52_394,1
2023_04_02_21_20_52_436,1
2023_04_02_21_20_52_479,1
2023_04_02_21_20_52_522,1
2023_04_02_21_20_52_566,1
2023_04_02_21_20_52_609,1
2023_04_02_21_20_52_653,1
2023_04_02_21_20_52_695,1
2023_04_02_21_20_52_741,1
2023_04_02_21_20_52_784,1
2023_04_02_21_20_52_828,1
2023_04_02_21_20_52_872,1
2023_04_02_21_20_52_916,1
2023_04_02_21_20_52_959,1
2023_04_02_21_20_53_005,1
2023_04_02_21_20_53_050,1
2023_04_02_21_20_53_093,1
2023_04_02_21_20_53_137,1
2023_04_02_21_20_53_184,1
2023_04_02_21_20_53_228,1
2023_04_02_21_20_53_274,1
2023_04_02_21_20_53_320,1
2023_04_02_21_20_53_364,1
2023_04_02_21_20_53_409,1
2023_04_02_21_20_53_453,1
2023_04_02_21_20_53_498,1
2023_04_02_21_20_53_542,1
2023_04_02_21_20_53_589,1
2023_04_02_21_20_53_633,1
2023_04_02_21_20_53_677,1
2023_04_02_21_20_53_723,1
2023_04_02_21_20_53_768,1
2023_04_02_21_20_53_814,1
2023_04_02_21_20_53_859,1
2023_04_02_21_20_53_903,1
2023_04_02_21_20_53_947,1
2023_04_02_21_20_53_991,1
2023_04_02_21_20_54_036,1
2023_04_02_21_20_54_081,1
2023_04_02_21_20_54_127,1
2023_04_02_21_20_54_172,1
2023_04_02_21_20_54_216,1
2023_04_02_21_20_54_260,1
2023_04_02_21_20_54_306,1
2023_04_02_21_20_54_349,1
2023_04_02_21_20_54_394,1
2023_04_02_21_20_54_439,1
2023_04_02_21_20_54_484,1
2023_04_02_21_20_54_529,1
2023_04_02_21_20_54_590,1
2023_04_02_21_20_54_634,1
2023_04_02_21_20_54_676,1
2023_04_02_21_20_54_717,1
2023_04_02_21_20_54_760,1
2023_04_02_21_20_54_804,1
2023_04_02_21_20_54_847,1
2023_04_02_21_20_54_892,1
2023_04_02_21_20_54_935,1
2023_04_02_21_20_54_980,1
2023_04_02_21_20_55_025,1
2023_04_02_21_20_55_070,1
2023_04_02_21_20_55_114,1
2023_04_02_21_20_55_158,1
2023_04_02_21_20_55_202,1
2023_04_02_21_20_55_244,1
2023_04_02_21_20_55_287,1
2023_04_02_21_20_55_329,1
2023_04_02_21_20_55_373,1
2023_04_02_21_20_55_415,1
2023_04_02_21_20_55_460,1
2023_04_02_21_20_55_504,1
2023_04_02_21_20_55_548,1
2023_04_02_21_20_55_594,1
2023_04_02_21_20_55_637,1
2023_04_02_21_20_55_683,1
2023_04_02_21_20_55_726,1
2023_04_02_21_20_55_771,1
2023_04_02_21_20_55_815,1
2023_04_02_21_20_55_860,1
2023_04_02_21_20_55_906,1
2023_04_02_21_20_55_952,1
2023_04_02_21_20_55_996,1
2023_04_02_21_20_56_044,1
2023_04_02_21_20_56_089,1
2023_04_02_21_20_56_134,1
2023_04_02_21_20_56_181,1
2023_04_02_21_20_56_226,1
2023_04_02_21_20_56_271,1
2023_04_02_21_20_56_316,1
2023_04_02_21_20_56_361,1
2023_04_02_21_20_56_406,1
2023_04_02_21_20_56_452,1
2023_04_02_21_20_56_499,1
2023_04_02_21_20_56_542,1
2023_04_02_21_20_56_587,1
2023_04_02_21_20_56_630,1
2023_04_02_21_20_56_676,1
2023_04_02_21_20_56_720,1
2023_04_02_21_20_56_764,1
2023_04_02_21_20_56_807,1
2023_04_02_21_20_56_854,1
2023_04_02_21_20_56_898,1
2023_04_02_21_20_56_941,1
2023_04_02_21_20_56_985,1
2023_04_02_21_20_57_029,1
2023_04_02_21_20_57_072,1
2023_04_02_21_20_57_116,1
2023_04_02_21_20_57_157,1
2023_04_02_21_20_57_202,1
2023_04_02_21_20_57_245,1
2023_04_02_21_20_57_288,1
2023_04_02_21_20_57_331,1
2023_04_02_21_20_57_375,1
2023_04_02_21_20_57_418,1
2023_04_02_21_20_57_460,1
2023_04_02_21_20_57_502,1
2023_04_02_21_20_57_544,1
2023_04_02_21_20_57_586,1
2023_04_02_21_20_57_631,1
2023_04_02_21_20_57_675,1
2023_04_02_21_20_57_717,1
2023_04_02_21_20_57_761,1
2023_04_02_21_20_57_803,1
2023_04_02_21_20_57_845,1
2023_04_02_21_20_57_888,1
2023_04_02_21_20_57_928,1
2023_04_02_21_20_57_969,1
2023_04_02_21_20_58_014,1
2023_04_02_21_20_58_057,1
2023_04_02_21_20_58_100,1
2023_04_02_21_20_58_142,1
2023_04_02_21_20_58_184,1
2023_04_02_21_20_58_224,1
2023_04_02_21_20_58_267,1
2023_04_02_21_20_58_309,1
2023_04_02_21_20_58_352,1
2023_04_02_21_20_58_394,1
2023_04_02_21_20_58_437,1
2023_04_02_21_20_58_478,1
2023_04_02_21_20_58_519,1
2023_04_02_21_20_58_561,1
2023_04_02_21_20_58_603,1
2023_04_02_21_20_58_646,1
2023_04_02_21_20_58_689,1
2023_04_02_21_20_58_730,1
2023_04_02_21_20_58_771,1
2023_04_02_21_20_58_814,1
2023_04_02_21_20_58_858,1
2023_04_02_21_20_58_900,1
2023_04_02_21_20_58_972,1
2023_04_02_21_20_59_016,1
2023_04_02_21_20_59_058,1
2023_04_02_21_20_59_100,1
2023_04_02_21_20_59_141,1
2023_04_02_21_20_59_186,1
2023_04_02_21_20_59_229,1
2023_04_02_21_20_59_271,1
2023_04_02_21_20_59_316,1
2023_04_02_21_20_59_361,1
2023_04_02_21_20_59_402,1
2023_04_02_21_20_59_445,1
2023_04_02_21_20_59_488,1
2023_04_02_21_20_59_531,1
2023_04_02_21_20_59_577,1
2023_04_02_21_20_59_622,1
2023_04_02_21_20_59_666,1
2023_04_02_21_20_59_708,1
2023_04_02_21_20_59_750,1
2023_04_02_21_20_59_792,1
2023_04_02_21_20_59_834,1
2023_04_02_21_20_59_876,1
2023_04_02_21_20_59_922,1
2023_04_02_21_20_59_973,1
2023_04_02_21_21_00_018,1
2023_04_02_21_21_00_063,1
2023_04_02_21_21_00_104,1
2023_04_02_21_21_00_145,1
2023_04_02_21_21_00_188,1
2023_04_02_21_21_00_230,1
2023_04_02_21_21_00_272,1
2023_04_02_21_21_00_312,1
2023_04_02_21_21_00_353,1
2023_04_02_21_21_00_394,1
2023_04_02_21_21_00_435,1
2023_04_02_21_21_00_475,1
2023_04_02_21_21_00_516,1
2023_04_02_21_21_00_555,1
2023_04_02_21_21_00_597,1
2023_04_02_21_21_00_638,1
2023_04_02_21_21_00_680,1
2023_04_02_21_21_00_723,1
2023_04_02_21_21_00_762,1
2023_04_02_21_21_00_801,1
2023_04_02_21_21_00_842,1
2023_04_02_21_21_00_883,1
2023_04_02_21_21_00_924,1
2023_04_02_21_21_00_964,1
2023_04_02_21_21_01_002,1
2023_04_02_21_21_01_043,1
2023_04_02_21_21_01_083,1
2023_04_02_21_21_01_121,1
2023_04_02_21_21_01_160,1
2023_04_02_21_21_01_200,1
2023_04_02_21_21_01_239,1
2023_04_02_21_21_01_279,1
2023_04_02_21_21_01_317,1
2023_04_02_21_21_01_356,1
2023_04_02_21_21_01_396,1
2023_04_02_21_21_01_436,1
2023_04_02_21_21_01_477,1
2023_04_02_21_21_01_520,1
2023_04_02_21_21_01_562,1
2023_04_02_21_21_01_602,1
2023_04_02_21_21_01_642,1
2023_04_02_21_21_01_682,1
2023_04_02_21_21_01_723,1
2023_04_02_21_21_01_760,1
2023_04_02_21_21_01_800,1
2023_04_02_21_21_01_841,1
2023_04_02_21_21_01_881,1
2023_04_02_21_21_01_921,1
2023_04_02_21_21_01_963,1
2023_04_02_21_21_02_001,1
2023_04_02_21_21_02_043,1
2023_04_02_21_21_02_081,1
2023_04_02_21_21_02_121,1
2023_04_02_21_21_02_159,1
2023_04_02_21_21_02_200,1
2023_04_02_21_21_02_241,1
2023_04_02_21_21_02_280,1
2023_04_02_21_21_02_321,1
2023_04_02_21_21_02_360,1
2023_04_02_21_21_02_401,1
2023_04_02_21_21_02_439,1
2023_04_02_21_21_02_480,1
2023_04_02_21_21_02_519,1
2023_04_02_21_21_02_559,1
2023_04_02_21_21_02_600,1
2023_04_02_21_21_02_638,1
2023_04_02_21_21_02_678,1
2023_04_02_21_21_02_720,1
2023_04_02_21_21_02_767,1
2023_04_02_21_21_02_811,1
2023_04_02_21_21_02_854,1
2023_04_02_21_21_02_899,1
2023_04_02_21_21_02_938,1
2023_04_02_21_21_02_979,1
2023_04_02_21_21_03_021,1
2023_04_02_21_21_03_061,1
2023_04_02_21_21_03_103,1
2023_04_02_21_21_03_146,1
2023_04_02_21_21_03_186,1
2023_04_02_21_21_03_225,1
2023_04_02_21_21_03_268,1
2023_04_02_21_21_03_309,1
2023_04_02_21_21_03_349,1
2023_04_02_21_21_03_390,1
2023_04_02_21_21_03_430,1
2023_04_02_21_21_03_469,1
2023_04_02_21_21_03_508,1
2023_04_02_21_21_03_549,1
2023_04_02_21_21_03_589,1
2023_04_02_21_21_03_629,1
2023_04_02_21_21_03_668,1
2023_04_02_21_21_03_707,1
2023_04_02_21_21_03_749,1
2023_04_02_21_21_03_787,1
2023_04_02_21_21_03_825,1
2023_04_02_21_21_03_865,1
2023_04_02_21_21_03_906,1
2023_04_02_21_21_03_944,1
2023_04_02_21_21_03_987,1
2023_04_02_21_21_04_028,1
2023_04_02_21_21_04_067,1
2023_04_02_21_21_04_109,1
2023_04_02_21_21_04_150,1
2023_04_02_21_21_04_189,1
2023_04_02_21_21_04_227,1
2023_04_02_21_21_04_268,1
2023_04_02_21_21_04_307,1
2023_04_02_21_21_04_350,1
2023_04_02_21_21_04_391,1
2023_04_02_21_21_04_431,1
2023_04_02_21_21_04_471,1
2023_04_02_21_21_04_517,1
2023_04_02_21_21_04_568,1
2023_04_02_21_21_04_608,1
2023_04_02_21_21_04_648,1
2023_04_02_21_21_04_688,1
2023_04_02_21_21_04_727,1
2023_04_02_21_21_04_768,1
2023_04_02_21_21_04_807,1
2023_04_02_21_21_04_847,1
2023_04_02_21_21_04_887,1
2023_04_02_21_21_04_926,1
2023_04_02_21_21_04_965,1
2023_04_02_21_21_05_005,1
2023_04_02_21_21_05_046,1
2023_04_02_21_21_05_085,1
2023_04_02_21_21_05_124,1
2023_04_02_21_21_05_165,1
2023_04_02_21_21_05_205,1
2023_04_02_21_21_05_243,1
2023_04_02_21_21_05_283,1
2023_04_02_21_21_05_324,1
2023_04_02_21_21_05_363,1
2023_04_02_21_21_05_402,1
2023_04_02_21_21_05_442,1
2023_04_02_21_21_05_484,1
2023_04_02_21_21_05_521,1
2023_04_02_21_21_05_561,1
2023_04_02_21_21_05_602,1
2023_04_02_21_21_05_642,1
2023_04_02_21_21_05_681,1
2023_04_02_21_21_05_721,1
2023_04_02_21_21_05_760,1
2023_04_02_21_21_05_800,1
2023_04_02_21_21_05_839,1
2023_04_02_21_21_05_879,1
2023_04_02_21_21_05_922,1
2023_04_02_21_21_05_961,1
2023_04_02_21_21_06_002,1
2023_04_02_21_21_06_041,1
2023_04_02_21_21_06_080,1
2023_04_02_21_21_06_122,1
2023_04_02_21_21_06_162,1
2023_04_02_21_21_06_202,1
2023_04_02_21_21_06_242,1
2023_04_02_21_21_06_281,1
2023_04_02_21_21_06_322,1
2023_04_02_21_21_06_361,1
2023_04_02_21_21_06_401,1
2023_04_02_21_21_06_441,1
2023_04_02_21_21_06_481,1
2023_04_02_21_21_06_521,1
2023_04_02_21_21_06_560,1
2023_04_02_21_21_06_602,1
2023_04_02_21_21_06_641,1
2023_04_02_21_21_06_682,1
2023_04_02_21_21_06_722,1
2023_04_02_21_21_06_763,1
2023_04_02_21_21_06_803,1
2023_04_02_21_21_06_842,1
2023_04_02_21_21_06_882,1
2023_04_02_21_21_06_922,1
2023_04_02_21_21_06_962,1
2023_04_02_21_21_07_001,1
2023_04_02_21_21_07_043,1
2023_04_02_21_21_07_082,1
2023_04_02_21_21_07_122,1
2023_04_02_21_21_07_162,1
2023_04_02_21_21_07_203,1
2023_04_02_21_21_07_243,1
2023_04_02_21_21_07_284,1
2023_04_02_21_21_07_326,1
2023_04_02_21_21_07_365,1
2023_04_02_21_21_07_407,1
2023_04_02_21_21_07_446,1
2023_04_02_21_21_07_486,1
2023_04_02_21_21_07_525,1
2023_04_02_21_21_07_567,1
2023_04_02_21_21_07_608,1
2023_04_02_21_21_07_648,1
2023_04_02_21_21_07_690,1
2023_04_02_21_21_07_730,1
2023_04_02_21_21_07_772,1
2023_04_02_21_21_07_812,1
2023_04_02_21_21_07_855,1
2023_04_02_21_21_07_897,1
2023_04_02_21_21_07_937,1
2023_04_02_21_21_07_979,1
2023_04_02_21_21_08_022,1
2023_04_02_21_21_08_063,1
2023_04_02_21_21_08_104,1
2023_04_02_21_21_08_145,1
2023_04_02_21_21_08_188,1
2023_04_02_21_21_08_229,1
2023_04_02_21_21_08_269,1
2023_04_02_21_21_08_310,1
2023_04_02_21_21_08_351,1
2023_04_02_21_21_08_392,1
2023_04_02_21_21_08_435,1
2023_04_02_21_21_08_477,1
2023_04_02_21_21_08_517,1
2023_04_02_21_21_08_558,1
2023_04_02_21_21_08_599,1
2023_04_02_21_21_08_641,1
2023_04_02_21_21_08_684,1
2023_04_02_21_21_08_727,1
2023_04_02_21_21_08_770,1
2023_04_02_21_21_08_811,1
2023_04_02_21_21_08_854,1
2023_04_02_21_21_08_896,1
2023_04_02_21_21_08_937,1
2023_04_02_21_21_08_979,1
2023_04_02_21_21_09_021,1
2023_04_02_21_21_09_062,1
2023_04_02_21_21_09_106,1
2023_04_02_21_21_09_146,1
2023_04_02_21_21_09_189,1
2023_04_02_21_21_09_232,1
2023_04_02_21_21_09_272,1
2023_04_02_21_21_09_314,1
2023_04_02_21_21_09_356,1
2023_04_02_21_21_09_397,1
2023_04_02_21_21_09_438,1
2023_04_02_21_21_09_480,1
2023_04_02_21_21_09_520,1
2023_04_02_21_21_09_562,1
2023_04_02_21_21_09_605,1
2023_04_02_21_21_09_645,1
2023_04_02_21_21_09_686,1
2023_04_02_21_21_09_727,1
2023_04_02_21_21_09_767,1
2023_04_02_21_21_09_809,1
2023_04_02_21_21_09_850,1
2023_04_02_21_21_09_891,1
2023_04_02_21_21_09_931,1
2023_04_02_21_21_09_974,1
2023_04_02_21_21_10_015,1
2023_04_02_21_21_10_060,1
2023_04_02_21_21_10_101,1
2023_04_02_21_21_10_143,1
2023_04_02_21_21_10_187,1
2023_04_02_21_21_10_232,1
2023_04_02_21_21_10_276,1
2023_04_02_21_21_10_323,1
2023_04_02_21_21_10_364,1
2023_04_02_21_21_10_407,1
2023_04_02_21_21_10_448,1
2023_04_02_21_21_10_489,1
2023_04_02_21_21_10_531,1
2023_04_02_21_21_10_572,1
2023_04_02_21_21_10_615,1
2023_04_02_21_21_10_658,1
2023_04_02_21_21_10_700,1
2023_04_02_21_21_10_742,1
2023_04_02_21_21_10_785,1
2023_04_02_21_21_10_825,1
2023_04_02_21_21_10_867,1
2023_04_02_21_21_10_910,1
2023_04_02_21_21_10_952,1
2023_04_02_21_21_10_993,1
2023_04_02_21_21_11_037,1
2023_04_02_21_21_11_079,1
2023_04_02_21_21_11_122,1
2023_04_02_21_21_11_165,1
2023_04_02_21_21_11_208,1
2023_04_02_21_21_11_251,1
2023_04_02_21_21_11_295,1
2023_04_02_21_21_11_339,1
2023_04_02_21_21_11_382,1
2023_04_02_21_21_11_425,1
2023_04_02_21_21_11_472,1
2023_04_02_21_21_11_519,1
2023_04_02_21_21_11_564,1
2023_04_02_21_21_11_611,1
2023_04_02_21_21_11_657,1
2023_04_02_21_21_11_701,1
2023_04_02_21_21_11_747,1
2023_04_02_21_21_11_791,1
2023_04_02_21_21_11_836,1
2023_04_02_21_21_11_883,1
2023_04_02_21_21_11_926,1
2023_04_02_21_21_11_971,1
2023_04_02_21_21_12_015,1
2023_04_02_21_21_12_059,1
2023_04_02_21_21_12_106,1
2023_04_02_21_21_12_149,1
2023_04_02_21_21_12_193,1
2023_04_02_21_21_12_237,1
2023_04_02_21_21_12_284,1
2023_04_02_21_21_12_331,1
2023_04_02_21_21_12_374,1
2023_04_02_21_21_12_416,1
2023_04_02_21_21_12_460,1
2023_04_02_21_21_12_505,1
2023_04_02_21_21_12_552,1
2023_04_02_21_21_12_597,1
2023_04_02_21_21_12_641,1
2023_04_02_21_21_12_686,1
2023_04_02_21_21_12_729,1
2023_04_02_21_21_12_777,1
2023_04_02_21_21_12_820,1
2023_04_02_21_21_12_865,1
2023_04_02_21_21_12_908,1
2023_04_02_21_21_12_952,1
2023_04_02_21_21_12_997,1
2023_04_02_21_21_13_042,1
2023_04_02_21_21_13_088,1
2023_04_02_21_21_13_131,1
2023_04_02_21_21_13_175,1
2023_04_02_21_21_13_220,1
2023_04_02_21_21_13_263,1
2023_04_02_21_21_13_307,1
2023_04_02_21_21_13_351,1
2023_04_02_21_21_13_397,1
2023_04_02_21_21_13_439,1
2023_04_02_21_21_13_484,1
2023_04_02_21_21_13_527,1
2023_04_02_21_21_13_570,1
2023_04_02_21_21_13_614,1
2023_04_02_21_21_13_658,1
2023_04_02_21_21_13_701,1
2023_04_02_21_21_13_745,1
2023_04_02_21_21_13_788,1
2023_04_02_21_21_13_847,1
2023_04_02_21_21_13_891,1
2023_04_02_21_21_13_936,1
2023_04_02_21_21_13_980,1
2023_04_02_21_21_14_023,1
2023_04_02_21_21_14_068,1
2023_04_02_21_21_14_112,1
2023_04_02_21_21_14_156,1
2023_04_02_21_21_14_200,1
2023_04_02_21_21_14_244,1
2023_04_02_21_21_14_288,1
2023_04_02_21_21_14_335,1
2023_04_02_21_21_14_381,1
2023_04_02_21_21_14_425,1
2023_04_02_21_21_14_469,1
2023_04_02_21_21_14_514,1
2023_04_02_21_21_14_559,1
2023_04_02_21_21_14_606,1
2023_04_02_21_21_14_650,1
2023_04_02_21_21_14_694,1
2023_04_02_21_21_14_739,1
2023_04_02_21_21_14_784,1
2023_04_02_21_21_14_829,1
2023_04_02_21_21_14_872,1
2023_04_02_21_21_14_918,1
2023_04_02_21_21_14_962,1
2023_04_02_21_21_15_006,1
2023_04_02_21_21_15_052,1
2023_04_02_21_21_15_097,1
2023_04_02_21_21_15_140,1
2023_04_02_21_21_15_187,1
2023_04_02_21_21_15_233,1
2023_04_02_21_21_15_278,1
2023_04_02_21_21_15_326,1
2023_04_02_21_21_15_375,1
2023_04_02_21_21_15_421,1
2023_04_02_21_21_15_467,1
2023_04_02_21_21_15_513,1
2023_04_02_21_21_15_557,1
2023_04_02_21_21_15_599,1
2023_04_02_21_21_15_646,1
2023_04_02_21_21_15_690,1
2023_04_02_21_21_15_732,1
2023_04_02_21_21_15_777,1
2023_04_02_21_21_15_822,1
2023_04_02_21_21_15_866,1
2023_04_02_21_21_15_911,1
2023_04_02_21_21_15_958,1
2023_04_02_21_21_16_000,1
2023_04_02_21_21_16_044,1
2023_04_02_21_21_16_090,1
2023_04_02_21_21_16_136,1
2023_04_02_21_21_16_181,1
2023_04_02_21_21_16_226,1
2023_04_02_21_21_16_268,1
2023_04_02_21_21_16_312,1
2023_04_02_21_21_16_357,1
2023_04_02_21_21_16_403,1
2023_04_02_21_21_16_449,1
2023_04_02_21_21_16_496,1
2023_04_02_21_21_16_544,1
2023_04_02_21_21_16_588,1
2023_04_02_21_21_16_633,1
2023_04_02_21_21_16_679,1
2023_04_02_21_21_16_725,1
2023_04_02_21_21_16_773,1
2023_04_02_21_21_16_831,1
2023_04_02_21_21_16_880,1
2023_04_02_21_21_16_933,1
2023_04_02_21_21_16_984,1
2023_04_02_21_21_17_032,1
2023_04_02_21_21_17_078,1
2023_04_02_21_21_17_126,1
2023_04_02_21_21_17_173,1
2023_04_02_21_21_17_219,1
2023_04_02_21_21_17_266,1
2023_04_02_21_21_17_312,1
2023_04_02_21_21_17_358,1
2023_04_02_21_21_17_408,1
2023_04_02_21_21_17_452,1
2023_04_02_21_21_17_497,1
2023_04_02_21_21_17_542,1
2023_04_02_21_21_17_588,1
2023_04_02_21_21_17_634,1
2023_04_02_21_21_17_681,1
2023_04_02_21_21_17_726,1
2023_04_02_21_21_17_770,1
2023_04_02_21_21_17_814,1
2023_04_02_21_21_17_858,1
2023_04_02_21_21_17_902,1
2023_04_02_21_21_17_945,1
2023_04_02_21_21_17_988,1
2023_04_02_21_21_18_032,1
2023_04_02_21_21_18_078,1
2023_04_02_21_21_18_121,1
2023_04_02_21_21_18_166,1
2023_04_02_21_21_18_211,1
2023_04_02_21_21_18_255,1
2023_04_02_21_21_18_298,1
2023_04_02_21_21_18_341,1
2023_04_02_21_21_18_385,1
2023_04_02_21_21_18_429,1
2023_04_02_21_21_18_473,1
2023_04_02_21_21_18_515,1
2023_04_02_21_21_18_556,1
2023_04_02_21_21_18_598,1
2023_04_02_21_21_18_642,1
2023_04_02_21_21_18_685,1
2023_04_02_21_21_18_727,1
2023_04_02_21_21_18_770,1
2023_04_02_21_21_18_812,1
2023_04_02_21_21_18_855,1
2023_04_02_21_21_18_899,1
2023_04_02_21_21_18_941,1
2023_04_02_21_21_18_984,1
2023_04_02_21_21_19_028,1
2023_04_02_21_21_19_077,1
2023_04_02_21_21_19_130,1
2023_04_02_21_21_19_176,1
2023_04_02_21_21_19_224,1
2023_04_02_21_21_19_272,1
2023_04_02_21_21_19_319,1
2023_04_02_21_21_19_366,1
2023_04_02_21_21_19_411,1
2023_04_02_21_21_19_455,1
2023_04_02_21_21_19_501,1
2023_04_02_21_21_19_545,1
2023_04_02_21_21_19_590,1
2023_04_02_21_21_19_635,1
2023_04_02_21_21_19_681,1
2023_04_02_21_21_19_728,1
2023_04_02_21_21_19_772,1
2023_04_02_21_21_19_816,1
2023_04_02_21_21_19_860,1
2023_04_02_21_21_19_906,1
2023_04_02_21_21_19_952,1
2023_04_02_21_21_19_999,1
2023_04_02_21_21_20_044,1
2023_04_02_21_21_20_087,1
2023_04_02_21_21_20_131,1
2023_04_02_21_21_20_177,1
2023_04_02_21_21_20_223,1
2023_04_02_21_21_20_268,1
2023_04_02_21_21_20_314,1
2023_04_02_21_21_20_360,1
2023_04_02_21_21_20_406,1
2023_04_02_21_21_20_452,1
2023_04_02_21_21_20_501,1
2023_04_02_21_21_20_545,1
2023_04_02_21_21_20_592,1
2023_04_02_21_21_20_631,1
2023_04_02_21_21_20_674,1
2023_04_02_21_21_20_716,1
2023_04_02_21_21_20_761,1
2023_04_02_21_21_20_804,1
2023_04_02_21_21_20_845,1
2023_04_02_21_21_20_887,1
2023_04_02_21_21_20_930,1
2023_04_02_21_21_20_971,1
2023_04_02_21_21_21_015,1
2023_04_02_21_21_21_059,1
2023_04_02_21_21_21_100,1
2023_04_02_21_21_21_144,1
2023_04_02_21_21_21_186,1
2023_04_02_21_21_21_226,1
2023_04_02_21_21_21_267,1
2023_04_02_21_21_21_308,1
2023_04_02_21_21_21_350,1
2023_04_02_21_21_21_391,1
2023_04_02_21_21_21_432,1
2023_04_02_21_21_21_475,1
2023_04_02_21_21_21_518,1
2023_04_02_21_21_21_559,1
2023_04_02_21_21_21_598,1
2023_04_02_21_21_21_641,1
2023_04_02_21_21_21_683,1
2023_04_02_21_21_21_724,1
2023_04_02_21_21_21_765,1
2023_04_02_21_21_21_804,1
2023_04_02_21_21_21_843,1
2023_04_02_21_21_21_884,1
2023_04_02_21_21_21_925,1
2023_04_02_21_21_21_965,1
2023_04_02_21_21_22_005,1
2023_04_02_21_21_22_045,1
2023_04_02_21_21_22_085,1
2023_04_02_21_21_22_127,1
2023_04_02_21_21_22_166,1
2023_04_02_21_21_22_207,1
2023_04_02_21_21_22_245,1
2023_04_02_21_21_22_284,1
2023_04_02_21_21_22_323,1
2023_04_02_21_21_22_366,1
2023_04_02_21_21_22_405,1
2023_04_02_21_21_22_444,1
2023_04_02_21_21_22_483,1
2023_04_02_21_21_22_522,1
2023_04_02_21_21_22_562,1
2023_04_02_21_21_22_601,1
2023_04_02_21_21_22_642,1
2023_04_02_21_21_22_683,1
2023_04_02_21_21_22_722,1
2023_04_02_21_21_22_763,1
2023_04_02_21_21_22_802,1
2023_04_02_21_21_22_842,1
2023_04_02_21_21_22_882,1
2023_04_02_21_21_22_922,1
2023_04_02_21_21_22_964,1
2023_04_02_21_21_23_004,1
2023_04_02_21_21_23_046,1
2023_04_02_21_21_23_088,1
2023_04_02_21_21_23_130,1
2023_04_02_21_21_23_172,1
2023_04_02_21_21_23_213,1
2023_04_02_21_21_23_253,1
2023_04_02_21_21_23_295,1
2023_04_02_21_21_23_338,1
2023_04_02_21_21_23_377,1
2023_04_02_21_21_23_417,1
2023_04_02_21_21_23_458,1
2023_04_02_21_21_23_501,1
2023_04_02_21_21_23_541,1
2023_04_02_21_21_23_581,1
2023_04_02_21_21_23_624,1
2023_04_02_21_21_23_665,1
2023_04_02_21_21_23_706,1
2023_04_02_21_21_23_749,1
2023_04_02_21_21_23_790,1
2023_04_02_21_21_23_839,1
2023_04_02_21_21_23_888,1
2023_04_02_21_21_23_929,1
2023_04_02_21_21_23_969,1
2023_04_02_21_21_24_009,1
2023_04_02_21_21_24_050,1
2023_04_02_21_21_24_090,1
2023_04_02_21_21_24_129,1
2023_04_02_21_21_24_169,1
2023_04_02_21_21_24_212,1
2023_04_02_21_21_24_252,1
2023_04_02_21_21_24_293,1
2023_04_02_21_21_24_335,1
2023_04_02_21_21_24_375,1
2023_04_02_21_21_24_414,1
2023_04_02_21_21_24_454,1
2023_04_02_21_21_24_496,1
2023_04_02_21_21_24_538,1
2023_04_02_21_21_24_577,1
2023_04_02_21_21_24_619,1
2023_04_02_21_21_24_657,1
2023_04_02_21_21_24_697,1
2023_04_02_21_21_24_736,1
2023_04_02_21_21_24_777,1
2023_04_02_21_21_24_816,1
2023_04_02_21_21_24_857,1
2023_04_02_21_21_24_896,1
2023_04_02_21_21_24_935,1
2023_04_02_21_21_24_974,1
2023_04_02_21_21_25_013,1
2023_04_02_21_21_25_054,1
2023_04_02_21_21_25_093,1
2023_04_02_21_21_25_133,1
2023_04_02_21_21_25_173,1
2023_04_02_21_21_25_213,1
2023_04_02_21_21_25_254,1
2023_04_02_21_21_25_293,1
2023_04_02_21_21_25_337,1
2023_04_02_21_21_25_380,1
2023_04_02_21_21_25_419,1
2023_04_02_21_21_25_460,1
2023_04_02_21_21_25_500,1
2023_04_02_21_21_25_543,1
2023_04_02_21_21_25_585,1
2023_04_02_21_21_25_627,1
2023_04_02_21_21_25_668,1
2023_04_02_21_21_25_707,1
2023_04_02_21_21_25_746,1
2023_04_02_21_21_25_788,1
2023_04_02_21_21_25_826,1
2023_04_02_21_21_25_867,1
2023_04_02_21_21_25_907,1
2023_04_02_21_21_25_947,1
2023_04_02_21_21_25_987,1
2023_04_02_21_21_26_027,1
2023_04_02_21_21_26_069,1
2023_04_02_21_21_26_108,1
2023_04_02_21_21_26_148,1
2023_04_02_21_21_26_189,1
2023_04_02_21_21_26_228,1
2023_04_02_21_21_26_267,1
2023_04_02_21_21_26_306,1
2023_04_02_21_21_26_347,1
2023_04_02_21_21_26_388,1
2023_04_02_21_21_26_426,1
2023_04_02_21_21_26_468,1
2023_04_02_21_21_26_513,1
2023_04_02_21_21_26_555,1
2023_04_02_21_21_26_594,1
2023_04_02_21_21_26_635,1
2023_04_02_21_21_26_675,1
2023_04_02_21_21_26_715,1
2023_04_02_21_21_26_754,1
2023_04_02_21_21_26_794,1
2023_04_02_21_21_26_834,1
2023_04_02_21_21_26_873,1
2023_04_02_21_21_26_920,1
2023_04_02_21_21_26_962,1
2023_04_02_21_21_27_003,1
2023_04_02_21_21_27_043,1
2023_04_02_21_21_27_083,1
2023_04_02_21_21_27_124,1
2023_04_02_21_21_27_164,1
2023_04_02_21_21_27_205,1
2023_04_02_21_21_27_243,1
2023_04_02_21_21_27_283,1
2023_04_02_21_21_27_323,1
2023_04_02_21_21_27_364,1
2023_04_02_21_21_27_403,1
2023_04_02_21_21_27_443,1
2023_04_02_21_21_27_483,1
2023_04_02_21_21_27_524,1
2023_04_02_21_21_27_566,1
2023_04_02_21_21_27_605,1
2023_04_02_21_21_27_645,1
2023_04_02_21_21_27_685,1
2023_04_02_21_21_27_726,1
2023_04_02_21_21_27_768,1
2023_04_02_21_21_27_808,1
2023_04_02_21_21_27_849,1
2023_04_02_21_21_27_891,1
2023_04_02_21_21_27_931,1
2023_04_02_21_21_27_970,1
2023_04_02_21_21_28_011,1
2023_04_02_21_21_28_052,1
2023_04_02_21_21_28_092,1
2023_04_02_21_21_28_134,1
2023_04_02_21_21_28_176,1
2023_04_02_21_21_28_217,1
2023_04_02_21_21_28_257,1
2023_04_02_21_21_28_298,1
2023_04_02_21_21_28_338,1
2023_04_02_21_21_28_380,1
2023_04_02_21_21_28_421,1
2023_04_02_21_21_28_464,1
2023_04_02_21_21_28_506,1
2023_04_02_21_21_28_547,1
2023_04_02_21_21_28_587,1
2023_04_02_21_21_28_629,1
2023_04_02_21_21_28_672,1
2023_04_02_21_21_28_711,1
2023_04_02_21_21_28_752,1
2023_04_02_21_21_28_798,1
2023_04_02_21_21_28_838,1
2023_04_02_21_21_28_878,1
2023_04_02_21_21_28_921,1
2023_04_02_21_21_28_963,1
2023_04_02_21_21_29_005,1
2023_04_02_21_21_29_046,1
2023_04_02_21_21_29_089,1
2023_04_02_21_21_29_131,1
2023_04_02_21_21_29_172,1
2023_04_02_21_21_29_219,1
2023_04_02_21_21_29_260,1
2023_04_02_21_21_29_301,1
2023_04_02_21_21_29_347,1
2023_04_02_21_21_29_387,1
2023_04_02_21_21_29_428,1
2023_04_02_21_21_29_470,1
2023_04_02_21_21_29_513,1
2023_04_02_21_21_29_555,1
2023_04_02_21_21_29_596,1
2023_04_02_21_21_29_637,1
2023_04_02_21_21_29_679,1
2023_04_02_21_21_29_720,1
2023_04_02_21_21_29_763,1
2023_04_02_21_21_29_805,1
2023_04_02_21_21_29_848,1
2023_04_02_21_21_29_887,1
2023_04_02_21_21_29_931,1
2023_04_02_21_21_29_975,1
2023_04_02_21_21_30_019,1
2023_04_02_21_21_30_064,1
2023_04_02_21_21_30_105,1
2023_04_02_21_21_30_149,1
2023_04_02_21_21_30_191,1
2023_04_02_21_21_30_233,1
2023_04_02_21_21_30_275,1
2023_04_02_21_21_30_316,1
2023_04_02_21_21_30_357,1
2023_04_02_21_21_30_400,1
2023_04_02_21_21_30_441,1
2023_04_02_21_21_30_484,1
2023_04_02_21_21_30_526,1
2023_04_02_21_21_30_566,1
2023_04_02_21_21_30_608,1
2023_04_02_21_21_30_650,1
2023_04_02_21_21_30_691,1
2023_04_02_21_21_30_733,1
2023_04_02_21_21_30_774,1
2023_04_02_21_21_30_815,1
2023_04_02_21_21_30_860,1
2023_04_02_21_21_30_909,1
2023_04_02_21_21_30_953,1
2023_04_02_21_21_31_000,1
2023_04_02_21_21_31_044,1
2023_04_02_21_21_31_087,1
2023_04_02_21_21_31_130,1
2023_04_02_21_21_31_174,1
2023_04_02_21_21_31_218,1
2023_04_02_21_21_31_258,1
2023_04_02_21_21_31_299,1
2023_04_02_21_21_31_344,1
2023_04_02_21_21_31_388,1
2023_04_02_21_21_31_432,1
2023_04_02_21_21_31_473,1
2023_04_02_21_21_31_519,1
2023_04_02_21_21_31_564,1
2023_04_02_21_21_31_608,1
2023_04_02_21_21_31_651,1
2023_04_02_21_21_31_695,1
2023_04_02_21_21_31_737,1
2023_04_02_21_21_31_782,1
2023_04_02_21_21_31_826,1
2023_04_02_21_21_31_870,1
2023_04_02_21_21_31_913,1
2023_04_02_21_21_31_957,1
2023_04_02_21_21_31_998,1
2023_04_02_21_21_32_044,1
2023_04_02_21_21_32_087,1
2023_04_02_21_21_32_128,1
2023_04_02_21_21_32_171,1
2023_04_02_21_21_32_216,1
2023_04_02_21_21_32_262,1
2023_04_02_21_21_32_308,1
2023_04_02_21_21_32_354,1
2023_04_02_21_21_32_403,1
2023_04_02_21_21_32_447,1
2023_04_02_21_21_32_494,1
2023_04_02_21_21_32_539,1
2023_04_02_21_21_32_586,1
2023_04_02_21_21_32_634,1
2023_04_02_21_21_32_680,1
2023_04_02_21_21_32_727,1
2023_04_02_21_21_32_777,1
2023_04_02_21_21_32_824,1
2023_04_02_21_21_32_872,1
2023_04_02_21_21_32_919,1
2023_04_02_21_21_32_964,1
2023_04_02_21_21_33_009,1
2023_04_02_21_21_33_059,1
2023_04_02_21_21_33_107,1
2023_04_02_21_21_33_153,1
2023_04_02_21_21_33_199,1
2023_04_02_21_21_33_242,1
2023_04_02_21_21_33_288,1
2023_04_02_21_21_33_331,1
2023_04_02_21_21_33_376,1
2023_04_02_21_21_33_422,1
2023_04_02_21_21_33_466,1
2023_04_02_21_21_33_510,1
2023_04_02_21_21_33_553,1
2023_04_02_21_21_33_599,1
2023_04_02_21_21_33_644,1
2023_04_02_21_21_33_688,1
2023_04_02_21_21_33_731,1
2023_04_02_21_21_33_777,1
2023_04_02_21_21_33_822,1
2023_04_02_21_21_33_885,1
2023_04_02_21_21_33_929,1
2023_04_02_21_21_33_972,1
2023_04_02_21_21_34_016,1
2023_04_02_21_21_34_062,1
2023_04_02_21_21_34_106,1
2023_04_02_21_21_34_148,1
2023_04_02_21_21_34_193,1
2023_04_02_21_21_34_237,1
2023_04_02_21_21_34_282,1
2023_04_02_21_21_34_326,1
2023_04_02_21_21_34_374,1
2023_04_02_21_21_34_420,1
2023_04_02_21_21_34_466,1
2023_04_02_21_21_34_512,1
2023_04_02_21_21_34_558,1
2023_04_02_21_21_34_604,1
2023_04_02_21_21_34_652,1
2023_04_02_21_21_34_697,1
2023_04_02_21_21_34_746,1
2023_04_02_21_21_34_794,1
2023_04_02_21_21_34_842,1
2023_04_02_21_21_34_889,1
2023_04_02_21_21_34_935,1
2023_04_02_21_21_34_983,1
2023_04_02_21_21_35_028,1
2023_04_02_21_21_35_077,1
2023_04_02_21_21_35_124,1
2023_04_02_21_21_35_170,1
2023_04_02_21_21_35_216,1
2023_04_02_21_21_35_262,1
2023_04_02_21_21_35_310,1
2023_04_02_21_21_35_356,1
2023_04_02_21_21_35_401,1
2023_04_02_21_21_35_449,1
2023_04_02_21_21_35_497,1
2023_04_02_21_21_35_544,1
2023_04_02_21_21_35_591,1
2023_04_02_21_21_35_640,1
2023_04_02_21_21_35_686,1
2023_04_02_21_21_35_736,1
2023_04_02_21_21_35_783,1
2023_04_02_21_21_35_828,1
2023_04_02_21_21_35_875,1
2023_04_02_21_21_35_922,1
2023_04_02_21_21_35_969,1
2023_04_02_21_21_36_016,1
2023_04_02_21_21_36_061,1
2023_04_02_21_21_36_110,1
2023_04_02_21_21_36_154,1
2023_04_02_21_21_36_200,1
2023_04_02_21_21_36_247,1
2023_04_02_21_21_36_292,1
2023_04_02_21_21_36_336,1
2023_04_02_21_21_36_382,1
2023_04_02_21_21_36_425,1
2023_04_02_21_21_36_468,1
2023_04_02_21_21_36_513,1
2023_04_02_21_21_36_556,1
2023_04_02_21_21_36_603,1
2023_04_02_21_21_36_649,1
2023_04_02_21_21_36_693,1
2023_04_02_21_21_36_735,1
2023_04_02_21_21_36_780,1
2023_04_02_21_21_36_822,1
2023_04_02_21_21_36_866,1
2023_04_02_21_21_36_910,1
2023_04_02_21_21_36_953,1
2023_04_02_21_21_36_997,1
2023_04_02_21_21_37_040,1
2023_04_02_21_21_37_084,1
2023_04_02_21_21_37_128,1
2023_04_02_21_21_37_175,1
2023_04_02_21_21_37_220,1
2023_04_02_21_21_37_262,1
2023_04_02_21_21_37_312,1
2023_04_02_21_21_37_358,1
2023_04_02_21_21_37_404,1
2023_04_02_21_21_37_450,1
2023_04_02_21_21_37_497,1
2023_04_02_21_21_37_541,1
2023_04_02_21_21_37_586,1
2023_04_02_21_21_37_632,1
2023_04_02_21_21_37_679,1
2023_04_02_21_21_37_724,1
2023_04_02_21_21_37_771,1
2023_04_02_21_21_37_818,1
2023_04_02_21_21_37_864,1
2023_04_02_21_21_37_909,1
2023_04_02_21_21_37_956,1
2023_04_02_21_21_38_002,1
2023_04_02_21_21_38_047,1
2023_04_02_21_21_38_093,1
2023_04_02_21_21_38_138,1
2023_04_02_21_21_38_182,1
2023_04_02_21_21_38_230,1
2023_04_02_21_21_38_275,1
2023_04_02_21_21_38_320,1
2023_04_02_21_21_38_367,1
2023_04_02_21_21_38_414,1
2023_04_02_21_21_38_460,1
2023_04_02_21_21_38_507,1
2023_04_02_21_21_38_552,1
2023_04_02_21_21_38_597,1
2023_04_02_21_21_38_644,1
2023_04_02_21_21_38_687,1
2023_04_02_21_21_38_731,1
2023_04_02_21_21_38_778,1
2023_04_02_21_21_38_823,1
2023_04_02_21_21_38_869,1
2023_04_02_21_21_38_911,1
2023_04_02_21_21_38_955,1
2023_04_02_21_21_38_998,1
2023_04_02_21_21_39_041,1
2023_04_02_21_21_39_086,1
2023_04_02_21_21_39_129,1
2023_04_02_21_21_39_172,1
2023_04_02_21_21_39_219,1
2023_04_02_21_21_39_263,1
2023_04_02_21_21_39_307,1
2023_04_02_21_21_39_352,1
2023_04_02_21_21_39_394,1
2023_04_02_21_21_39_436,1
2023_04_02_21_21_39_478,1
2023_04_02_21_21_39_522,1
2023_04_02_21_21_39_566,1
2023_04_02_21_21_39_609,1
2023_04_02_21_21_39_653,1
2023_04_02_21_21_39_696,1
2023_04_02_21_21_39_738,1
2023_04_02_21_21_39_783,1
2023_04_02_21_21_39_825,1
2023_04_02_21_21_39_869,1
2023_04_02_21_21_39_911,1
2023_04_02_21_21_39_955,1
2023_04_02_21_21_39_997,1
2023_04_02_21_21_40_039,1
2023_04_02_21_21_40_081,1
2023_04_02_21_21_40_122,1
2023_04_02_21_21_40_164,1
2023_04_02_21_21_40_205,1
2023_04_02_21_21_40_248,1
2023_04_02_21_21_40_290,1
2023_04_02_21_21_40_333,1
2023_04_02_21_21_40_373,1
2023_04_02_21_21_40_414,1
2023_04_02_21_21_40_454,1
2023_04_02_21_21_40_498,1
2023_04_02_21_21_40_540,1
2023_04_02_21_21_40_582,1
2023_04_02_21_21_40_625,1
2023_04_02_21_21_40_667,1
2023_04_02_21_21_40_709,1
2023_04_02_21_21_40_750,1
2023_04_02_21_21_40_794,1
2023_04_02_21_21_40_839,1
2023_04_02_21_21_40_883,1
2023_04_02_21_21_40_930,1
2023_04_02_21_21_40_973,1
2023_04_02_21_21_41_017,1
2023_04_02_21_21_41_060,1
2023_04_02_21_21_41_103,1
2023_04_02_21_21_41_148,1
2023_04_02_21_21_41_189,1
2023_04_02_21_21_41_233,1
2023_04_02_21_21_41_276,1
2023_04_02_21_21_41_319,1
2023_04_02_21_21_41_364,1
2023_04_02_21_21_41_408,1
2023_04_02_21_21_41_453,1
2023_04_02_21_21_41_501,1
2023_04_02_21_21_41_543,1
2023_04_02_21_21_41_586,1
2023_04_02_21_21_41_627,1
2023_04_02_21_21_41_669,1
2023_04_02_21_21_41_712,1
2023_04_02_21_21_41_753,1
2023_04_02_21_21_41_795,1
2023_04_02_21_21_41_837,1
2023_04_02_21_21_41_878,1
2023_04_02_21_21_41_922,1
2023_04_02_21_21_41_961,1
2023_04_02_21_21_42_002,1
2023_04_02_21_21_42_042,1
2023_04_02_21_21_42_083,1
2023_04_02_21_21_42_124,1
2023_04_02_21_21_42_167,1
2023_04_02_21_21_42_207,1
2023_04_02_21_21_42_247,1
2023_04_02_21_21_42_286,1
2023_04_02_21_21_42_326,1
2023_04_02_21_21_42_368,1
2023_04_02_21_21_42_407,1
2023_04_02_21_21_42_447,1
2023_04_02_21_21_42_488,1
2023_04_02_21_21_42_528,1
2023_04_02_21_21_42_567,1
2023_04_02_21_21_42_606,1
2023_04_02_21_21_42_649,1
2023_04_02_21_21_42_689,1
2023_04_02_21_21_42_730,1
2023_04_02_21_21_42_769,1
2023_04_02_21_21_42_809,1
2023_04_02_21_21_42_849,1
2023_04_02_21_21_42_888,1
2023_04_02_21_21_42_928,1
2023_04_02_21_21_42_966,1
2023_04_02_21_21_43_004,1
2023_04_02_21_21_43_043,1
2023_04_02_21_21_43_083,1
2023_04_02_21_21_43_123,1
2023_04_02_21_21_43_163,1
2023_04_02_21_21_43_203,1
2023_04_02_21_21_43_243,1
2023_04_02_21_21_43_282,1
2023_04_02_21_21_43_320,1
2023_04_02_21_21_43_361,1
2023_04_02_21_21_43_400,1
2023_04_02_21_21_43_439,1
2023_04_02_21_21_43_479,1
2023_04_02_21_21_43_519,1
2023_04_02_21_21_43_557,1
2023_04_02_21_21_43_597,1
2023_04_02_21_21_43_636,1
2023_04_02_21_21_43_675,1
2023_04_02_21_21_43_715,1
2023_04_02_21_21_43_756,1
2023_04_02_21_21_43_798,1
2023_04_02_21_21_43_838,1
2023_04_02_21_21_43_887,1
2023_04_02_21_21_43_936,1
2023_04_02_21_21_43_975,1
2023_04_02_21_21_44_015,1
2023_04_02_21_21_44_054,1
2023_04_02_21_21_44_095,1
2023_04_02_21_21_44_135,1
2023_04_02_21_21_44_175,1
2023_04_02_21_21_44_218,1
2023_04_02_21_21_44_257,1
2023_04_02_21_21_44_297,1
2023_04_02_21_21_44_336,1
2023_04_02_21_21_44_378,1
2023_04_02_21_21_44_417,1
2023_04_02_21_21_44_459,1
2023_04_02_21_21_44_500,1
2023_04_02_21_21_44_539,1
2023_04_02_21_21_44_580,1
2023_04_02_21_21_44_619,1
2023_04_02_21_21_44_662,1
2023_04_02_21_21_44_701,1
2023_04_02_21_21_44_743,1
2023_04_02_21_21_44_786,1
2023_04_02_21_21_44_826,1
2023_04_02_21_21_44_866,1
2023_04_02_21_21_44_906,1
2023_04_02_21_21_44_950,1
2023_04_02_21_21_44_994,1
2023_04_02_21_21_45_038,1
2023_04_02_21_21_45_082,1
2023_04_02_21_21_45_123,1
2023_04_02_21_21_45_163,1
2023_04_02_21_21_45_206,1
2023_04_02_21_21_45_247,1
2023_04_02_21_21_45_287,1
2023_04_02_21_21_45_327,1
2023_04_02_21_21_45_369,1
2023_04_02_21_21_45_412,1
2023_04_02_21_21_45_451,1
2023_04_02_21_21_45_492,1
2023_04_02_21_21_45_535,1
2023_04_02_21_21_45_577,1
2023_04_02_21_21_45_620,1
2023_04_02_21_21_45_664,1
2023_04_02_21_21_45_703,1
2023_04_02_21_21_45_744,1
2023_04_02_21_21_45_785,1
2023_04_02_21_21_45_826,1
2023_04_02_21_21_45_869,1
2023_04_02_21_21_45_912,1
2023_04_02_21_21_45_950,1
2023_04_02_21_21_45_993,1
2023_04_02_21_21_46_034,1
2023_04_02_21_21_46_074,1
2023_04_02_21_21_46_114,1
2023_04_02_21_21_46_152,1
2023_04_02_21_21_46_193,1
2023_04_02_21_21_46_235,1
2023_04_02_21_21_46_275,1
2023_04_02_21_21_46_315,1
2023_04_02_21_21_46_356,1
2023_04_02_21_21_46_396,1
2023_04_02_21_21_46_435,1
2023_04_02_21_21_46_475,1
2023_04_02_21_21_46_517,1
2023_04_02_21_21_46_559,1
2023_04_02_21_21_46_601,1
2023_04_02_21_21_46_644,1
2023_04_02_21_21_46_687,1
2023_04_02_21_21_46_727,1
2023_04_02_21_21_46_768,1
2023_04_02_21_21_46_810,1
2023_04_02_21_21_46_851,1
2023_04_02_21_21_46_893,1
2023_04_02_21_21_46_933,1
2023_04_02_21_21_46_976,1
2023_04_02_21_21_47_017,1
2023_04_02_21_21_47_055,1
2023_04_02_21_21_47_102,1
2023_04_02_21_21_47_142,1
2023_04_02_21_21_47_184,1
2023_04_02_21_21_47_224,1
2023_04_02_21_21_47_264,1
2023_04_02_21_21_47_304,1
2023_04_02_21_21_47_343,1
2023_04_02_21_21_47_384,1
2023_04_02_21_21_47_427,1
2023_04_02_21_21_47_466,1
2023_04_02_21_21_47_507,1
2023_04_02_21_21_47_548,1
2023_04_02_21_21_47_588,1
2023_04_02_21_21_47_627,1
2023_04_02_21_21_47_668,1
2023_04_02_21_21_47_710,1
2023_04_02_21_21_47_751,1
2023_04_02_21_21_47_794,1
2023_04_02_21_21_47_834,1
2023_04_02_21_21_47_872,1
2023_04_02_21_21_47_914,1
2023_04_02_21_21_47_956,1
2023_04_02_21_21_47_997,1
2023_04_02_21_21_48_037,1
2023_04_02_21_21_48_077,1
2023_04_02_21_21_48_117,1
2023_04_02_21_21_48_157,1
2023_04_02_21_21_48_197,1
2023_04_02_21_21_48_237,1
2023_04_02_21_21_48_279,1
2023_04_02_21_21_48_317,1
2023_04_02_21_21_48_357,1
2023_04_02_21_21_48_398,1
2023_04_02_21_21_48_437,1
2023_04_02_21_21_48_479,1
2023_04_02_21_21_48_531,1
2023_04_02_21_21_48_581,1
2023_04_02_21_21_48_627,1
2023_04_02_21_21_48_671,1
2023_04_02_21_21_48_712,1
2023_04_02_21_21_48_752,1
2023_04_02_21_21_48_794,1
2023_04_02_21_21_48_834,1
2023_04_02_21_21_48_873,1
2023_04_02_21_21_48_914,1
2023_04_02_21_21_48_956,1
2023_04_02_21_21_48_997,1
2023_04_02_21_21_49_036,1
2023_04_02_21_21_49_078,1
2023_04_02_21_21_49_117,1
2023_04_02_21_21_49_158,1
2023_04_02_21_21_49_198,1
2023_04_02_21_21_49_240,1
2023_04_02_21_21_49_281,1
2023_04_02_21_21_49_322,1
2023_04_02_21_21_49_364,1
2023_04_02_21_21_49_403,1
2023_04_02_21_21_49_445,1
2023_04_02_21_21_49_488,1
2023_04_02_21_21_49_529,1
2023_04_02_21_21_49_568,1
2023_04_02_21_21_49_609,1
2023_04_02_21_21_49_651,1
2023_04_02_21_21_49_691,1
2023_04_02_21_21_49_732,1
2023_04_02_21_21_49_775,1
2023_04_02_21_21_49_818,1
2023_04_02_21_21_49_858,1
2023_04_02_21_21_49_901,1
2023_04_02_21_21_49_941,1
2023_04_02_21_21_49_982,1
2023_04_02_21_21_50_025,1
2023_04_02_21_21_50_067,1
2023_04_02_21_21_50_109,1
2023_04_02_21_21_50_149,1
2023_04_02_21_21_50_191,1
2023_04_02_21_21_50_232,1
2023_04_02_21_21_50_273,1
2023_04_02_21_21_50_316,1
2023_04_02_21_21_50_360,1
2023_04_02_21_21_50_402,1
2023_04_02_21_21_50_444,1
2023_04_02_21_21_50_485,1
2023_04_02_21_21_50_528,1
2023_04_02_21_21_50_570,1
2023_04_02_21_21_50_613,1
2023_04_02_21_21_50_659,1
2023_04_02_21_21_50_702,1
2023_04_02_21_21_50_743,1
2023_04_02_21_21_50_789,1
2023_04_02_21_21_50_832,1
2023_04_02_21_21_50_874,1
2023_04_02_21_21_50_916,1
2023_04_02_21_21_50_958,1
2023_04_02_21_21_51_000,1
2023_04_02_21_21_51_043,1
2023_04_02_21_21_51_086,1
2023_04_02_21_21_51_126,1
2023_04_02_21_21_51_167,1
2023_04_02_21_21_51_209,1
2023_04_02_21_21_51_252,1
2023_04_02_21_21_51_292,1
2023_04_02_21_21_51_334,1
2023_04_02_21_21_51_378,1
2023_04_02_21_21_51_419,1
2023_04_02_21_21_51_461,1
2023_04_02_21_21_51_502,1
2023_04_02_21_21_51_544,1
2023_04_02_21_21_51_586,1
2023_04_02_21_21_51_626,1
2023_04_02_21_21_51_670,1
2023_04_02_21_21_51_714,1
2023_04_02_21_21_51_757,1
2023_04_02_21_21_51_798,1
2023_04_02_21_21_51_844,1
2023_04_02_21_21_51_893,1
2023_04_02_21_21_51_943,1
2023_04_02_21_21_51_988,1
2023_04_02_21_21_52_029,1
2023_04_02_21_21_52_072,1
2023_04_02_21_21_52_114,1
2023_04_02_21_21_52_156,1
2023_04_02_21_21_52_200,1
2023_04_02_21_21_52_245,1
2023_04_02_21_21_52_288,1
2023_04_02_21_21_52_339,1
2023_04_02_21_21_52_389,1
2023_04_02_21_21_52_433,1
2023_04_02_21_21_52_478,1
2023_04_02_21_21_52_521,1
2023_04_02_21_21_52_566,1
2023_04_02_21_21_52_613,1
2023_04_02_21_21_52_665,1
2023_04_02_21_21_52_713,1
2023_04_02_21_21_52_757,1
2023_04_02_21_21_52_801,1
2023_04_02_21_21_52_844,1
2023_04_02_21_21_52_887,1
2023_04_02_21_21_52_931,1
2023_04_02_21_21_52_976,1
2023_04_02_21_21_53_020,1
2023_04_02_21_21_53_064,1
2023_04_02_21_21_53_108,1
2023_04_02_21_21_53_154,1
2023_04_02_21_21_53_204,1
2023_04_02_21_21_53_260,1
2023_04_02_21_21_53_310,1
2023_04_02_21_21_53_356,1
2023_04_02_21_21_53_401,1
2023_04_02_21_21_53_447,1
2023_04_02_21_21_53_493,1
2023_04_02_21_21_53_539,1
2023_04_02_21_21_53_586,1
2023_04_02_21_21_53_630,1
2023_04_02_21_21_53_676,1
2023_04_02_21_21_53_722,1
2023_04_02_21_21_53_768,1
2023_04_02_21_21_53_814,1
2023_04_02_21_21_53_858,1
2023_04_02_21_21_53_912,1
2023_04_02_21_21_53_968,1
2023_04_02_21_21_54_019,1
2023_04_02_21_21_54_077,1
2023_04_02_21_21_54_128,1
2023_04_02_21_21_54_172,1
2023_04_02_21_21_54_216,1
2023_04_02_21_21_54_261,1
2023_04_02_21_21_54_305,1
2023_04_02_21_21_54_348,1
2023_04_02_21_21_54_392,1
2023_04_02_21_21_54_442,1
2023_04_02_21_21_54_492,1
2023_04_02_21_21_54_547,1
2023_04_02_21_21_54_594,1
2023_04_02_21_21_54_637,1
2023_04_02_21_21_54_684,1
2023_04_02_21_21_54_727,1
2023_04_02_21_21_54_770,1
2023_04_02_21_21_54_814,1
2023_04_02_21_21_54_860,1
2023_04_02_21_21_54_905,1
2023_04_02_21_21_54_950,1
2023_04_02_21_21_54_996,1
2023_04_02_21_21_55_039,1
2023_04_02_21_21_55_088,1
2023_04_02_21_21_55_139,1
2023_04_02_21_21_55_191,1
2023_04_02_21_21_55_242,1
2023_04_02_21_21_55_288,1
2023_04_02_21_21_55_333,1
2023_04_02_21_21_55_376,1
2023_04_02_21_21_55_422,1
2023_04_02_21_21_55_467,1
2023_04_02_21_21_55_512,1
2023_04_02_21_21_55_557,1
2023_04_02_21_21_55_605,1
2023_04_02_21_21_55_658,1
2023_04_02_21_21_55_708,1
2023_04_02_21_21_55_756,1
2023_04_02_21_21_55_801,1
2023_04_02_21_21_55_845,1
2023_04_02_21_21_55_888,1
2023_04_02_21_21_55_932,1
2023_04_02_21_21_55_975,1
2023_04_02_21_21_56_018,1
2023_04_02_21_21_56_061,1
2023_04_02_21_21_56_106,1
2023_04_02_21_21_56_151,1
2023_04_02_21_21_56_197,1
2023_04_02_21_21_56_245,1
2023_04_02_21_21_56_290,1
2023_04_02_21_21_56_336,1
2023_04_02_21_21_56_390,1
2023_04_02_21_21_56_444,1
2023_04_02_21_21_56_495,1
2023_04_02_21_21_56_540,1
2023_04_02_21_21_56_584,1
2023_04_02_21_21_56_629,1
2023_04_02_21_21_56_672,1
2023_04_02_21_21_56_747,1
2023_04_02_21_21_56_792,1
2023_04_02_21_21_56_836,1
2023_04_02_21_21_56_880,1
2023_04_02_21_21_56_925,1
2023_04_02_21_21_56_970,1
2023_04_02_21_21_57_015,1
2023_04_02_21_21_57_060,1
2023_04_02_21_21_57_106,1
2023_04_02_21_21_57_149,1
2023_04_02_21_21_57_195,1
2023_04_02_21_21_57_240,1
2023_04_02_21_21_57_286,1
2023_04_02_21_21_57_329,1
2023_04_02_21_21_57_373,1
2023_04_02_21_21_57_418,1
2023_04_02_21_21_57_464,1
2023_04_02_21_21_57_508,1
2023_04_02_21_21_57_552,1
2023_04_02_21_21_57_597,1
2023_04_02_21_21_57_642,1
2023_04_02_21_21_57_688,1
2023_04_02_21_21_57_732,1
2023_04_02_21_21_57_775,1
2023_04_02_21_21_57_819,1
2023_04_02_21_21_57_864,1
2023_04_02_21_21_57_907,1
2023_04_02_21_21_57_952,1
2023_04_02_21_21_57_995,1
2023_04_02_21_21_58_040,1
2023_04_02_21_21_58_084,1
2023_04_02_21_21_58_127,1
2023_04_02_21_21_58_171,1
2023_04_02_21_21_58_215,1
2023_04_02_21_21_58_260,1
2023_04_02_21_21_58_305,1
2023_04_02_21_21_58_351,1
2023_04_02_21_21_58_397,1
2023_04_02_21_21_58_443,1
2023_04_02_21_21_58_489,1
2023_04_02_21_21_58_536,1
2023_04_02_21_21_58_580,1
2023_04_02_21_21_58_624,1
2023_04_02_21_21_58_673,1
2023_04_02_21_21_58_721,1
2023_04_02_21_21_58_766,1
2023_04_02_21_21_58_811,1
2023_04_02_21_21_58_857,1
2023_04_02_21_21_58_904,1
2023_04_02_21_21_58_950,1
2023_04_02_21_21_59_002,1
2023_04_02_21_21_59_057,1
2023_04_02_21_21_59_110,1
2023_04_02_21_21_59_158,1
2023_04_02_21_21_59_206,1
2023_04_02_21_21_59_252,1
2023_04_02_21_21_59_301,1
2023_04_02_21_21_59_345,1
2023_04_02_21_21_59_391,1
2023_04_02_21_21_59_440,1
2023_04_02_21_21_59_485,1
2023_04_02_21_21_59_532,1
2023_04_02_21_21_59_577,1
2023_04_02_21_21_59_621,1
2023_04_02_21_21_59_668,1
2023_04_02_21_21_59_711,1
2023_04_02_21_21_59_757,1
2023_04_02_21_21_59_803,1
2023_04_02_21_21_59_847,1
2023_04_02_21_21_59_891,1
2023_04_02_21_21_59_934,1
2023_04_02_21_21_59_980,1
2023_04_02_21_22_00_027,1
2023_04_02_21_22_00_076,1
2023_04_02_21_22_00_120,1
2023_04_02_21_22_00_163,1
2023_04_02_21_22_00_206,1
2023_04_02_21_22_00_249,1
2023_04_02_21_22_00_292,1
2023_04_02_21_22_00_336,1
2023_04_02_21_22_00_383,1
2023_04_02_21_22_00_425,1
2023_04_02_21_22_00_469,1
2023_04_02_21_22_00_515,1
2023_04_02_21_22_00_560,1
2023_04_02_21_22_00_603,1
2023_04_02_21_22_00_644,1
2023_04_02_21_22_00_686,1
2023_04_02_21_22_00_731,1
2023_04_02_21_22_00_772,1
2023_04_02_21_22_00_819,1
2023_04_02_21_22_00_862,1
2023_04_02_21_22_00_905,1
2023_04_02_21_22_00_948,1
2023_04_02_21_22_00_989,1
2023_04_02_21_22_01_031,1
2023_04_02_21_22_01_073,1
2023_04_02_21_22_01_117,1
2023_04_02_21_22_01_159,1
2023_04_02_21_22_01_201,1
2023_04_02_21_22_01_245,1
2023_04_02_21_22_01_288,1
2023_04_02_21_22_01_331,1
2023_04_02_21_22_01_373,1
2023_04_02_21_22_01_415,1
2023_04_02_21_22_01_456,1
2023_04_02_21_22_01_500,1
2023_04_02_21_22_01_543,1
2023_04_02_21_22_01_585,1
2023_04_02_21_22_01_627,1
2023_04_02_21_22_01_670,1
2023_04_02_21_22_01_713,1
2023_04_02_21_22_01_757,1
2023_04_02_21_22_01_801,1
2023_04_02_21_22_01_844,1
2023_04_02_21_22_01_887,1
2023_04_02_21_22_01_928,1
2023_04_02_21_22_01_972,1
2023_04_02_21_22_02_017,1
2023_04_02_21_22_02_061,1
2023_04_02_21_22_02_107,1
2023_04_02_21_22_02_153,1
2023_04_02_21_22_02_198,1
2023_04_02_21_22_02_245,1
2023_04_02_21_22_02_290,1
2023_04_02_21_22_02_333,1
2023_04_02_21_22_02_380,1
2023_04_02_21_22_02_426,1
2023_04_02_21_22_02_471,1
2023_04_02_21_22_02_514,1
2023_04_02_21_22_02_557,1
2023_04_02_21_22_02_601,1
2023_04_02_21_22_02_641,1
2023_04_02_21_22_02_684,1
2023_04_02_21_22_02_726,1
2023_04_02_21_22_02_770,1
2023_04_02_21_22_02_814,1
2023_04_02_21_22_02_856,1
2023_04_02_21_22_02_899,1
2023_04_02_21_22_02_943,1
2023_04_02_21_22_02_986,1
2023_04_02_21_22_03_028,1
2023_04_02_21_22_03_071,1
2023_04_02_21_22_03_112,1
2023_04_02_21_22_03_154,1
2023_04_02_21_22_03_195,1
2023_04_02_21_22_03_237,1
2023_04_02_21_22_03_280,1
2023_04_02_21_22_03_320,1
2023_04_02_21_22_03_360,1
2023_04_02_21_22_03_404,1
2023_04_02_21_22_03_445,1
2023_04_02_21_22_03_485,1
2023_04_02_21_22_03_527,1
2023_04_02_21_22_03_568,1
2023_04_02_21_22_03_609,1
2023_04_02_21_22_03_649,1
2023_04_02_21_22_03_690,1
2023_04_02_21_22_03_732,1
2023_04_02_21_22_03_773,1
2023_04_02_21_22_03_811,1
2023_04_02_21_22_03_852,1
2023_04_02_21_22_03_891,1
2023_04_02_21_22_03_942,1
2023_04_02_21_22_03_992,1
2023_04_02_21_22_04_041,1
2023_04_02_21_22_04_090,1
2023_04_02_21_22_04_138,1
2023_04_02_21_22_04_181,1
2023_04_02_21_22_04_223,1
2023_04_02_21_22_04_263,1
2023_04_02_21_22_04_303,1
2023_04_02_21_22_04_344,1
2023_04_02_21_22_04_385,1
2023_04_02_21_22_04_425,1
2023_04_02_21_22_04_467,1
2023_04_02_21_22_04_509,1
2023_04_02_21_22_04_551,1
2023_04_02_21_22_04_591,1
2023_04_02_21_22_04_632,1
2023_04_02_21_22_04_672,1
2023_04_02_21_22_04_713,1
2023_04_02_21_22_04_755,1
2023_04_02_21_22_04_795,1
2023_04_02_21_22_04_836,1
2023_04_02_21_22_04_876,1
2023_04_02_21_22_04_915,1
2023_04_02_21_22_04_957,1
2023_04_02_21_22_04_998,1
2023_04_02_21_22_05_039,1
2023_04_02_21_22_05_079,1
2023_04_02_21_22_05_121,1
2023_04_02_21_22_05_161,1
2023_04_02_21_22_05_201,1
2023_04_02_21_22_05_243,1
2023_04_02_21_22_05_283,1
2023_04_02_21_22_05_325,1
2023_04_02_21_22_05_366,1
2023_04_02_21_22_05_407,1
2023_04_02_21_22_05_449,1
2023_04_02_21_22_05_491,1
2023_04_02_21_22_05_532,1
2023_04_02_21_22_05_574,1
2023_04_02_21_22_05_617,1
2023_04_02_21_22_05_656,1
2023_04_02_21_22_05_699,1
2023_04_02_21_22_05_739,1
2023_04_02_21_22_05_779,1
2023_04_02_21_22_05_819,1
2023_04_02_21_22_05_859,1
2023_04_02_21_22_05_901,1
2023_04_02_21_22_05_941,1
2023_04_02_21_22_05_984,1
2023_04_02_21_22_06_025,1
2023_04_02_21_22_06_064,1
2023_04_02_21_22_06_106,1
2023_04_02_21_22_06_145,1
2023_04_02_21_22_06_185,1
2023_04_02_21_22_06_226,1
2023_04_02_21_22_06_268,1
2023_04_02_21_22_06_307,1
2023_04_02_21_22_06_348,1
2023_04_02_21_22_06_391,1
2023_04_02_21_22_06_431,1
2023_04_02_21_22_06_470,1
2023_04_02_21_22_06_510,1
2023_04_02_21_22_06_551,1
2023_04_02_21_22_06_593,1
2023_04_02_21_22_06_633,1
2023_04_02_21_22_06_674,1
2023_04_02_21_22_06_712,1
2023_04_02_21_22_06_751,1
2023_04_02_21_22_06_790,1
2023_04_02_21_22_06_833,1
2023_04_02_21_22_06_874,1
2023_04_02_21_22_06_913,1
2023_04_02_21_22_06_953,1
2023_04_02_21_22_06_993,1
2023_04_02_21_22_07_033,1
2023_04_02_21_22_07_074,1
2023_04_02_21_22_07_115,1
2023_04_02_21_22_07_156,1
2023_04_02_21_22_07_196,1
2023_04_02_21_22_07_237,1
2023_04_02_21_22_07_276,1
2023_04_02_21_22_07_316,1
2023_04_02_21_22_07_357,1
2023_04_02_21_22_07_400,1
2023_04_02_21_22_07_439,1
2023_04_02_21_22_07_479,1
2023_04_02_21_22_07_519,1
2023_04_02_21_22_07_560,1
2023_04_02_21_22_07_602,1
2023_04_02_21_22_07_642,1
2023_04_02_21_22_07_683,1
2023_04_02_21_22_07_722,1
2023_04_02_21_22_07_763,1
2023_04_02_21_22_07_805,1
2023_04_02_21_22_07_844,1
2023_04_02_21_22_07_886,1
2023_04_02_21_22_07_926,1
2023_04_02_21_22_07_967,1
2023_04_02_21_22_08_006,1
2023_04_02_21_22_08_045,1
2023_04_02_21_22_08_085,1
2023_04_02_21_22_08_125,1
2023_04_02_21_22_08_164,1
2023_04_02_21_22_08_204,1
2023_04_02_21_22_08_245,1
2023_04_02_21_22_08_286,1
2023_04_02_21_22_08_326,1
2023_04_02_21_22_08_366,1
2023_04_02_21_22_08_406,1
2023_04_02_21_22_08_446,1
2023_04_02_21_22_08_486,1
2023_04_02_21_22_08_528,1
2023_04_02_21_22_08_567,1
2023_04_02_21_22_08_607,1
2023_04_02_21_22_08_647,1
2023_04_02_21_22_08_689,1
2023_04_02_21_22_08_729,1
2023_04_02_21_22_08_768,1
2023_04_02_21_22_08_810,1
2023_04_02_21_22_08_849,1
2023_04_02_21_22_08_886,1
2023_04_02_21_22_08_927,1
2023_04_02_21_22_08_968,1
2023_04_02_21_22_09_010,1
2023_04_02_21_22_09_051,1
2023_04_02_21_22_09_092,1
2023_04_02_21_22_09_135,1
2023_04_02_21_22_09_175,1
2023_04_02_21_22_09_215,1
2023_04_02_21_22_09_255,1
2023_04_02_21_22_09_295,1
2023_04_02_21_22_09_337,1
2023_04_02_21_22_09_378,1
2023_04_02_21_22_09_418,1
2023_04_02_21_22_09_458,1
2023_04_02_21_22_09_498,1
2023_04_02_21_22_09_538,1
2023_04_02_21_22_09_579,1
2023_04_02_21_22_09_618,1
2023_04_02_21_22_09_660,1
2023_04_02_21_22_09_701,1
2023_04_02_21_22_09_741,1
2023_04_02_21_22_09_780,1
2023_04_02_21_22_09_821,1
2023_04_02_21_22_09_861,1
2023_04_02_21_22_09_903,1
2023_04_02_21_22_09_942,1
2023_04_02_21_22_09_983,1
2023_04_02_21_22_10_025,1
2023_04_02_21_22_10_067,1
2023_04_02_21_22_10_108,1
2023_04_02_21_22_10_149,1
2023_04_02_21_22_10_190,1
2023_04_02_21_22_10_232,1
2023_04_02_21_22_10_275,1
2023_04_02_21_22_10_316,1
2023_04_02_21_22_10_358,1
2023_04_02_21_22_10_402,1
2023_04_02_21_22_10_441,1
2023_04_02_21_22_10_482,1
2023_04_02_21_22_10_523,1
2023_04_02_21_22_10_566,1
2023_04_02_21_22_10_607,1
2023_04_02_21_22_10_649,1
2023_04_02_21_22_10_691,1
2023_04_02_21_22_10_733,1
2023_04_02_21_22_10_773,1
2023_04_02_21_22_10_815,1
2023_04_02_21_22_10_859,1
2023_04_02_21_22_10_902,1
2023_04_02_21_22_10_946,1
2023_04_02_21_22_10_988,1
2023_04_02_21_22_11_028,1
2023_04_02_21_22_11_072,1
2023_04_02_21_22_11_114,1
2023_04_02_21_22_11_157,1
2023_04_02_21_22_11_199,1
2023_04_02_21_22_11_241,1
2023_04_02_21_22_11_282,1
2023_04_02_21_22_11_324,1
2023_04_02_21_22_11_367,1
2023_04_02_21_22_11_411,1
2023_04_02_21_22_11_453,1
2023_04_02_21_22_11_498,1
2023_04_02_21_22_11_538,1
2023_04_02_21_22_11_583,1
2023_04_02_21_22_11_624,1
2023_04_02_21_22_11_666,1
2023_04_02_21_22_11_707,1
2023_04_02_21_22_11_749,1
2023_04_02_21_22_11_790,1
2023_04_02_21_22_11_835,1
2023_04_02_21_22_11_877,1
2023_04_02_21_22_11_921,1
2023_04_02_21_22_11_963,1
2023_04_02_21_22_12_007,1
2023_04_02_21_22_12_049,1
2023_04_02_21_22_12_092,1
2023_04_02_21_22_12_135,1
2023_04_02_21_22_12_177,1
2023_04_02_21_22_12_220,1
2023_04_02_21_22_12_265,1
2023_04_02_21_22_12_307,1
2023_04_02_21_22_12_348,1
2023_04_02_21_22_12_391,1
2023_04_02_21_22_12_434,1
2023_04_02_21_22_12_477,1
2023_04_02_21_22_12_518,1
2023_04_02_21_22_12_561,1
2023_04_02_21_22_12_602,1
2023_04_02_21_22_12_644,1
2023_04_02_21_22_12_687,1
2023_04_02_21_22_12_728,1
2023_04_02_21_22_12_769,1
2023_04_02_21_22_12_812,1
2023_04_02_21_22_12_854,1
2023_04_02_21_22_12_897,1
2023_04_02_21_22_12_941,1
2023_04_02_21_22_12_985,1
2023_04_02_21_22_13_027,1
2023_04_02_21_22_13_074,1
2023_04_02_21_22_13_121,1
2023_04_02_21_22_13_169,1
2023_04_02_21_22_13_212,1
2023_04_02_21_22_13_255,1
2023_04_02_21_22_13_298,1
2023_04_02_21_22_13_343,1
2023_04_02_21_22_13_386,1
2023_04_02_21_22_13_429,1
2023_04_02_21_22_13_473,1
2023_04_02_21_22_13_516,1
2023_04_02_21_22_13_560,1
2023_04_02_21_22_13_605,1
2023_04_02_21_22_13_648,1
2023_04_02_21_22_13_694,1
2023_04_02_21_22_13_736,1
2023_04_02_21_22_13_778,1
2023_04_02_21_22_13_838,1
2023_04_02_21_22_13_883,1
2023_04_02_21_22_13_926,1
2023_04_02_21_22_13_970,1
2023_04_02_21_22_14_016,1
2023_04_02_21_22_14_058,1
2023_04_02_21_22_14_102,1
2023_04_02_21_22_14_146,1
2023_04_02_21_22_14_189,1
2023_04_02_21_22_14_233,1
2023_04_02_21_22_14_280,1
2023_04_02_21_22_14_325,1
2023_04_02_21_22_14_385,1
2023_04_02_21_22_14_410,1
2023_04_02_21_22_14_455,1
2023_04_02_21_22_14_500,1
2023_04_02_21_22_14_546,1
2023_04_02_21_22_14_591,1
2023_04_02_21_22_14_637,1
2023_04_02_21_22_14_683,1
2023_04_02_21_22_14_728,1
2023_04_02_21_22_14_772,1
2023_04_02_21_22_14_818,1
2023_04_02_21_22_14_864,1
2023_04_02_21_22_14_911,1
2023_04_02_21_22_14_958,1
2023_04_02_21_22_15_002,1
2023_04_02_21_22_15_046,1
2023_04_02_21_22_15_092,1
2023_04_02_21_22_15_137,1
2023_04_02_21_22_15_182,1
2023_04_02_21_22_15_226,1
2023_04_02_21_22_15_271,1
2023_04_02_21_22_15_314,1
2023_04_02_21_22_15_359,1
2023_04_02_21_22_15_401,1
2023_04_02_21_22_15_444,1
2023_04_02_21_22_15_488,1
2023_04_02_21_22_15_532,1
2023_04_02_21_22_15_577,1
2023_04_02_21_22_15_620,1
2023_04_02_21_22_15_662,1
2023_04_02_21_22_15_706,1
2023_04_02_21_22_15_748,1
2023_04_02_21_22_15_791,1
2023_04_02_21_22_15_838,1
2023_04_02_21_22_15_881,1
2023_04_02_21_22_15_925,1
2023_04_02_21_22_15_969,1
2023_04_02_21_22_16_014,1
2023_04_02_21_22_16_058,1
2023_04_02_21_22_16_103,1
2023_04_02_21_22_16_146,1
2023_04_02_21_22_16_194,1
2023_04_02_21_22_16_239,1
2023_04_02_21_22_16_285,1
2023_04_02_21_22_16_329,1
2023_04_02_21_22_16_374,1
2023_04_02_21_22_16_417,1
2023_04_02_21_22_16_463,1
2023_04_02_21_22_16_509,1
2023_04_02_21_22_16_553,1
2023_04_02_21_22_16_597,1
2023_04_02_21_22_16_641,1
2023_04_02_21_22_16_685,1
2023_04_02_21_22_16_729,1
2023_04_02_21_22_16_774,1
2023_04_02_21_22_16_818,1
2023_04_02_21_22_16_863,1
2023_04_02_21_22_16_908,1
2023_04_02_21_22_16_950,1
2023_04_02_21_22_16_996,1
2023_04_02_21_22_17_043,1
2023_04_02_21_22_17_090,1
2023_04_02_21_22_17_136,1
2023_04_02_21_22_17_185,1
2023_04_02_21_22_17_232,1
2023_04_02_21_22_17_278,1
2023_04_02_21_22_17_324,1
2023_04_02_21_22_17_369,1
2023_04_02_21_22_17_418,1
2023_04_02_21_22_17_466,1
2023_04_02_21_22_17_511,1
2023_04_02_21_22_17_557,1
2023_04_02_21_22_17_603,1
2023_04_02_21_22_17_650,1
2023_04_02_21_22_17_699,1
2023_04_02_21_22_17_744,1
2023_04_02_21_22_17_790,1
2023_04_02_21_22_17_838,1
2023_04_02_21_22_17_888,1
2023_04_02_21_22_17_933,1
2023_04_02_21_22_17_980,1
2023_04_02_21_22_18_027,1
2023_04_02_21_22_18_075,1
2023_04_02_21_22_18_122,1
2023_04_02_21_22_18_170,1
2023_04_02_21_22_18_214,1
2023_04_02_21_22_18_259,1
2023_04_02_21_22_18_307,1
2023_04_02_21_22_18_352,1
2023_04_02_21_22_18_397,1
2023_04_02_21_22_18_441,1
2023_04_02_21_22_18_486,1
2023_04_02_21_22_18_531,1
2023_04_02_21_22_18_574,1
2023_04_02_21_22_18_617,1
2023_04_02_21_22_18_662,1
2023_04_02_21_22_18_706,1
2023_04_02_21_22_18_752,1
2023_04_02_21_22_18_797,1
2023_04_02_21_22_18_843,1
2023_04_02_21_22_18_890,1
2023_04_02_21_22_18_934,1
2023_04_02_21_22_18_981,1
2023_04_02_21_22_19_024,1
2023_04_02_21_22_19_069,1
2023_04_02_21_22_19_115,1
2023_04_02_21_22_19_160,1
2023_04_02_21_22_19_204,1
2023_04_02_21_22_19_247,1
2023_04_02_21_22_19_292,1
2023_04_02_21_22_19_344,1
2023_04_02_21_22_19_395,1
2023_04_02_21_22_19_444,1
2023_04_02_21_22_19_494,1
2023_04_02_21_22_19_544,1
2023_04_02_21_22_19_594,1
2023_04_02_21_22_19_642,1
2023_04_02_21_22_19_692,1
2023_04_02_21_22_19_739,1
2023_04_02_21_22_19_786,1
2023_04_02_21_22_19_831,1
2023_04_02_21_22_19_876,1
2023_04_02_21_22_19_922,1
2023_04_02_21_22_19_970,1
2023_04_02_21_22_20_018,1
2023_04_02_21_22_20_067,1
2023_04_02_21_22_20_118,1
2023_04_02_21_22_20_167,1
2023_04_02_21_22_20_211,1
2023_04_02_21_22_20_255,1
2023_04_02_21_22_20_302,1
2023_04_02_21_22_20_349,1
2023_04_02_21_22_20_393,1
2023_04_02_21_22_20_439,1
2023_04_02_21_22_20_484,1
2023_04_02_21_22_20_531,1
2023_04_02_21_22_20_576,1
2023_04_02_21_22_20_621,1
2023_04_02_21_22_20_666,1
2023_04_02_21_22_20_711,1
2023_04_02_21_22_20_756,1
2023_04_02_21_22_20_799,1
2023_04_02_21_22_20_845,1
2023_04_02_21_22_20_889,1
2023_04_02_21_22_20_934,1
2023_04_02_21_22_20_978,1
2023_04_02_21_22_21_022,1
2023_04_02_21_22_21_066,1
2023_04_02_21_22_21_110,1
2023_04_02_21_22_21_154,1
2023_04_02_21_22_21_198,1
2023_04_02_21_22_21_245,1
2023_04_02_21_22_21_290,1
2023_04_02_21_22_21_335,1
2023_04_02_21_22_21_378,1
2023_04_02_21_22_21_421,1
2023_04_02_21_22_21_464,1
2023_04_02_21_22_21_506,1
2023_04_02_21_22_21_554,1
2023_04_02_21_22_21_598,1
2023_04_02_21_22_21_644,1
2023_04_02_21_22_21_687,1
2023_04_02_21_22_21_730,1
2023_04_02_21_22_21_775,1
2023_04_02_21_22_21_819,1
2023_04_02_21_22_21_862,1
2023_04_02_21_22_21_904,1
2023_04_02_21_22_21_946,1
2023_04_02_21_22_21_991,1
2023_04_02_21_22_22_032,1
2023_04_02_21_22_22_075,1
2023_04_02_21_22_22_119,1
2023_04_02_21_22_22_161,1
2023_04_02_21_22_22_203,1
2023_04_02_21_22_22_246,1
2023_04_02_21_22_22_287,1
2023_04_02_21_22_22_330,1
2023_04_02_21_22_22_373,1
2023_04_02_21_22_22_419,1
2023_04_02_21_22_22_461,1
2023_04_02_21_22_22_502,1
2023_04_02_21_22_22_549,1
2023_04_02_21_22_22_594,1
2023_04_02_21_22_22_636,1
2023_04_02_21_22_22_679,1
2023_04_02_21_22_22_721,1
2023_04_02_21_22_22_764,1
2023_04_02_21_22_22_805,1
2023_04_02_21_22_22_848,1
2023_04_02_21_22_22_891,1
2023_04_02_21_22_22_934,1
2023_04_02_21_22_22_980,1
2023_04_02_21_22_23_024,1
2023_04_02_21_22_23_068,1
2023_04_02_21_22_23_114,1
2023_04_02_21_22_23_158,1
2023_04_02_21_22_23_202,1
2023_04_02_21_22_23_249,1
2023_04_02_21_22_23_294,1
2023_04_02_21_22_23_345,1
2023_04_02_21_22_23_394,1
2023_04_02_21_22_23_447,1
2023_04_02_21_22_23_491,1
2023_04_02_21_22_23_535,1
2023_04_02_21_22_23_577,1
2023_04_02_21_22_23_619,1
2023_04_02_21_22_23_663,1
2023_04_02_21_22_23_706,1
2023_04_02_21_22_23_747,1
2023_04_02_21_22_23_789,1
2023_04_02_21_22_23_830,1
2023_04_02_21_22_23_872,1
2023_04_02_21_22_23_913,1
2023_04_02_21_22_23_955,1
2023_04_02_21_22_23_999,1
2023_04_02_21_22_24_041,1
2023_04_02_21_22_24_080,1
2023_04_02_21_22_24_124,1
2023_04_02_21_22_24_166,1
2023_04_02_21_22_24_207,1
2023_04_02_21_22_24_247,1
2023_04_02_21_22_24_289,1
2023_04_02_21_22_24_330,1
2023_04_02_21_22_24_371,1
2023_04_02_21_22_24_413,1
2023_04_02_21_22_24_452,1
2023_04_02_21_22_24_493,1
2023_04_02_21_22_24_534,1
2023_04_02_21_22_24_577,1
2023_04_02_21_22_24_617,1
2023_04_02_21_22_24_657,1
2023_04_02_21_22_24_699,1
2023_04_02_21_22_24_740,1
2023_04_02_21_22_24_782,1
2023_04_02_21_22_24_822,1
2023_04_02_21_22_24_861,1
2023_04_02_21_22_24_900,1
2023_04_02_21_22_24_940,1
2023_04_02_21_22_24_982,1
2023_04_02_21_22_25_021,1
2023_04_02_21_22_25_061,1
2023_04_02_21_22_25_101,1
2023_04_02_21_22_25_143,1
2023_04_02_21_22_25_182,1
2023_04_02_21_22_25_223,1
2023_04_02_21_22_25_268,1
2023_04_02_21_22_25_310,1
2023_04_02_21_22_25_349,1
2023_04_02_21_22_25_389,1
2023_04_02_21_22_25_429,1
2023_04_02_21_22_25_469,1
2023_04_02_21_22_25_511,1
2023_04_02_21_22_25_553,1
2023_04_02_21_22_25_594,1
2023_04_02_21_22_25_635,1
2023_04_02_21_22_25_675,1
2023_04_02_21_22_25_718,1
2023_04_02_21_22_25_759,1
2023_04_02_21_22_25_799,1
2023_04_02_21_22_25_839,1
2023_04_02_21_22_25_880,1
2023_04_02_21_22_25_921,1
2023_04_02_21_22_25_962,1
2023_04_02_21_22_26_003,1
2023_04_02_21_22_26_044,1
2023_04_02_21_22_26_086,1
2023_04_02_21_22_26_128,1
2023_04_02_21_22_26_169,1
2023_04_02_21_22_26_210,1
2023_04_02_21_22_26_255,1
2023_04_02_21_22_26_295,1
2023_04_02_21_22_26_336,1
2023_04_02_21_22_26_378,1
2023_04_02_21_22_26_420,1
2023_04_02_21_22_26_461,1
2023_04_02_21_22_26_502,1
2023_04_02_21_22_26_542,1
2023_04_02_21_22_26_585,1
2023_04_02_21_22_26_625,1
2023_04_02_21_22_26_663,1
2023_04_02_21_22_26_705,1
2023_04_02_21_22_26_746,1
2023_04_02_21_22_26_787,1
2023_04_02_21_22_26_831,1
2023_04_02_21_22_26_870,1
2023_04_02_21_22_26_910,1
2023_04_02_21_22_26_950,1
2023_04_02_21_22_26_991,1
2023_04_02_21_22_27_032,1
2023_04_02_21_22_27_073,1
2023_04_02_21_22_27_118,1
2023_04_02_21_22_27_160,1
2023_04_02_21_22_27_205,1
2023_04_02_21_22_27_245,1
2023_04_02_21_22_27_285,1
2023_04_02_21_22_27_328,1
2023_04_02_21_22_27_366,1
2023_04_02_21_22_27_409,1
2023_04_02_21_22_27_450,1
2023_04_02_21_22_27_489,1
2023_04_02_21_22_27_533,1
2023_04_02_21_22_27_575,1
2023_04_02_21_22_27_614,1
2023_04_02_21_22_27_658,1
2023_04_02_21_22_27_699,1
2023_04_02_21_22_27_738,1
2023_04_02_21_22_27_778,1
2023_04_02_21_22_27_819,1
2023_04_02_21_22_27_857,1
2023_04_02_21_22_27_898,1
2023_04_02_21_22_27_939,1
2023_04_02_21_22_27_978,1
2023_04_02_21_22_28_017,1
2023_04_02_21_22_28_058,1
2023_04_02_21_22_28_098,1
2023_04_02_21_22_28_143,1
2023_04_02_21_22_28_183,1
2023_04_02_21_22_28_222,1
2023_04_02_21_22_28_264,1
2023_04_02_21_22_28_302,1
2023_04_02_21_22_28_342,1
2023_04_02_21_22_28_381,1
2023_04_02_21_22_28_420,1
2023_04_02_21_22_28_460,1
2023_04_02_21_22_28_499,1
2023_04_02_21_22_28_540,1
2023_04_02_21_22_28_580,1
2023_04_02_21_22_28_621,1
2023_04_02_21_22_28_662,1
2023_04_02_21_22_28_701,1
2023_04_02_21_22_28_742,1
2023_04_02_21_22_28_781,1
2023_04_02_21_22_28_822,1
2023_04_02_21_22_28_861,1
2023_04_02_21_22_28_903,1
2023_04_02_21_22_28_942,1
2023_04_02_21_22_28_983,1
2023_04_02_21_22_29_022,1
2023_04_02_21_22_29_061,1
2023_04_02_21_22_29_101,1
2023_04_02_21_22_29_141,1
2023_04_02_21_22_29_182,1
2023_04_02_21_22_29_222,1
2023_04_02_21_22_29_263,1
2023_04_02_21_22_29_302,1
2023_04_02_21_22_29_344,1
2023_04_02_21_22_29_383,1
2023_04_02_21_22_29_424,1
2023_04_02_21_22_29_464,1
2023_04_02_21_22_29_505,1
2023_04_02_21_22_29_546,1
2023_04_02_21_22_29_585,1
2023_04_02_21_22_29_625,1
2023_04_02_21_22_29_665,1
2023_04_02_21_22_29_706,1
2023_04_02_21_22_29_746,1
2023_04_02_21_22_29_784,1
2023_04_02_21_22_29_825,1
2023_04_02_21_22_29_868,1
2023_04_02_21_22_29_908,1
2023_04_02_21_22_29_947,1
2023_04_02_21_22_29_990,1
2023_04_02_21_22_30_030,1
2023_04_02_21_22_30_069,1
2023_04_02_21_22_30_112,1
2023_04_02_21_22_30_152,1
2023_04_02_21_22_30_194,1
2023_04_02_21_22_30_233,1
2023_04_02_21_22_30_275,1
2023_04_02_21_22_30_316,1
2023_04_02_21_22_30_358,1
2023_04_02_21_22_30_401,1
2023_04_02_21_22_30_442,1
2023_04_02_21_22_30_481,1
2023_04_02_21_22_30_521,1
2023_04_02_21_22_30_562,1
2023_04_02_21_22_30_604,1
2023_04_02_21_22_30_645,1
2023_04_02_21_22_30_689,1
2023_04_02_21_22_30_729,1
2023_04_02_21_22_30_770,1
2023_04_02_21_22_30_810,1
2023_04_02_21_22_30_853,1
2023_04_02_21_22_30_892,1
2023_04_02_21_22_30_934,1
2023_04_02_21_22_30_973,1
2023_04_02_21_22_31_014,1
2023_04_02_21_22_31_056,1
2023_04_02_21_22_31_100,1
2023_04_02_21_22_31_143,1
2023_04_02_21_22_31_185,1
2023_04_02_21_22_31_227,1
2023_04_02_21_22_31_270,1
2023_04_02_21_22_31_310,1
2023_04_02_21_22_31_352,1
2023_04_02_21_22_31_393,1
2023_04_02_21_22_31_435,1
2023_04_02_21_22_31_474,1
2023_04_02_21_22_31_515,1
2023_04_02_21_22_31_557,1
2023_04_02_21_22_31_598,1
2023_04_02_21_22_31_639,1
2023_04_02_21_22_31_680,1
2023_04_02_21_22_31_723,1
2023_04_02_21_22_31_765,1
2023_04_02_21_22_31_808,1
2023_04_02_21_22_31_850,1
2023_04_02_21_22_31_891,1
2023_04_02_21_22_31_933,1
2023_04_02_21_22_31_974,1
2023_04_02_21_22_32_016,1
2023_04_02_21_22_32_057,1
2023_04_02_21_22_32_098,1
2023_04_02_21_22_32_142,1
2023_04_02_21_22_32_185,1
2023_04_02_21_22_32_226,1
2023_04_02_21_22_32_269,1
2023_04_02_21_22_32_310,1
2023_04_02_21_22_32_355,1
2023_04_02_21_22_32_399,1
2023_04_02_21_22_32_443,1
2023_04_02_21_22_32_487,1
2023_04_02_21_22_32_529,1
2023_04_02_21_22_32_572,1
2023_04_02_21_22_32_615,1
2023_04_02_21_22_32_658,1
2023_04_02_21_22_32_699,1
2023_04_02_21_22_32_742,1
2023_04_02_21_22_32_785,1
2023_04_02_21_22_32_826,1
2023_04_02_21_22_32_870,1
2023_04_02_21_22_32_912,1
2023_04_02_21_22_32_955,1
2023_04_02_21_22_32_996,1
2023_04_02_21_22_33_038,1
2023_04_02_21_22_33_081,1
2023_04_02_21_22_33_124,1
2023_04_02_21_22_33_180,1
2023_04_02_21_22_33_227,1
2023_04_02_21_22_33_269,1
2023_04_02_21_22_33_311,1
2023_04_02_21_22_33_352,1
2023_04_02_21_22_33_395,1
2023_04_02_21_22_33_438,1
2023_04_02_21_22_33_481,1
2023_04_02_21_22_33_524,1
2023_04_02_21_22_33_568,1
2023_04_02_21_22_33_612,1
2023_04_02_21_22_33_653,1
2023_04_02_21_22_33_697,1
2023_04_02_21_22_33_741,1
2023_04_02_21_22_33_782,1
2023_04_02_21_22_33_823,1
2023_04_02_21_22_33_868,1
2023_04_02_21_22_33_910,1
2023_04_02_21_22_33_952,1
2023_04_02_21_22_33_994,1
2023_04_02_21_22_34_035,1
2023_04_02_21_22_34_079,1
2023_04_02_21_22_34_123,1
2023_04_02_21_22_34_167,1
2023_04_02_21_22_34_209,1
2023_04_02_21_22_34_251,1
2023_04_02_21_22_34_293,1
2023_04_02_21_22_34_335,1
2023_04_02_21_22_34_378,1
2023_04_02_21_22_34_423,1
2023_04_02_21_22_34_466,1
2023_04_02_21_22_34_508,1
2023_04_02_21_22_34_551,1
2023_04_02_21_22_34_594,1
2023_04_02_21_22_34_636,1
2023_04_02_21_22_34_682,1
2023_04_02_21_22_34_726,1
2023_04_02_21_22_34_768,1
2023_04_02_21_22_34_814,1
2023_04_02_21_22_34_857,1
2023_04_02_21_22_34_903,1
2023_04_02_21_22_34_947,1
2023_04_02_21_22_34_991,1
2023_04_02_21_22_35_033,1
2023_04_02_21_22_35_077,1
2023_04_02_21_22_35_123,1
2023_04_02_21_22_35_168,1
2023_04_02_21_22_35_218,1
2023_04_02_21_22_35_265,1
2023_04_02_21_22_35_312,1
2023_04_02_21_22_35_362,1
2023_04_02_21_22_35_407,1
2023_04_02_21_22_35_452,1
2023_04_02_21_22_35_500,1
2023_04_02_21_22_35_547,1
2023_04_02_21_22_35_593,1
2023_04_02_21_22_35_637,1
2023_04_02_21_22_35_685,1
2023_04_02_21_22_35_733,1
2023_04_02_21_22_35_779,1
2023_04_02_21_22_35_826,1
2023_04_02_21_22_35_872,1
2023_04_02_21_22_35_919,1
2023_04_02_21_22_35_962,1
2023_04_02_21_22_36_008,1
2023_04_02_21_22_36_051,1
2023_04_02_21_22_36_096,1
2023_04_02_21_22_36_145,1
2023_04_02_21_22_36_191,1
2023_04_02_21_22_36_235,1
2023_04_02_21_22_36_281,1
2023_04_02_21_22_36_326,1
2023_04_02_21_22_36_370,1
2023_04_02_21_22_36_414,1
2023_04_02_21_22_36_458,1
2023_04_02_21_22_36_504,1
2023_04_02_21_22_36_550,1
2023_04_02_21_22_36_594,1
2023_04_02_21_22_36_639,1
2023_04_02_21_22_36_684,1
2023_04_02_21_22_36_730,1
2023_04_02_21_22_36_775,1
2023_04_02_21_22_36_820,1
2023_04_02_21_22_36_864,1
2023_04_02_21_22_36_908,1
2023_04_02_21_22_36_954,1
2023_04_02_21_22_36_997,1
2023_04_02_21_22_37_042,1
2023_04_02_21_22_37_088,1
2023_04_02_21_22_37_134,1
2023_04_02_21_22_37_179,1
2023_04_02_21_22_37_224,1
2023_04_02_21_22_37_268,1
2023_04_02_21_22_37_311,1
2023_04_02_21_22_37_356,1
2023_04_02_21_22_37_401,1
2023_04_02_21_22_37_448,1
2023_04_02_21_22_37_494,1
2023_04_02_21_22_37_539,1
2023_04_02_21_22_37_584,1
2023_04_02_21_22_37_628,1
2023_04_02_21_22_37_671,1
2023_04_02_21_22_37_716,1
2023_04_02_21_22_37_764,1
2023_04_02_21_22_37_811,1
2023_04_02_21_22_37_857,1
2023_04_02_21_22_37_903,1
2023_04_02_21_22_37_948,1
2023_04_02_21_22_37_994,1
2023_04_02_21_22_38_038,1
2023_04_02_21_22_38_084,1
2023_04_02_21_22_38_130,1
2023_04_02_21_22_38_174,1
2023_04_02_21_22_38_219,1
2023_04_02_21_22_38_266,1
2023_04_02_21_22_38_314,1
2023_04_02_21_22_38_358,1
2023_04_02_21_22_38_405,1
2023_04_02_21_22_38_451,1
2023_04_02_21_22_38_494,1
2023_04_02_21_22_38_540,1
2023_04_02_21_22_38_587,1
2023_04_02_21_22_38_633,1
2023_04_02_21_22_38_679,1
2023_04_02_21_22_38_728,1
2023_04_02_21_22_38_773,1
2023_04_02_21_22_38_819,1
2023_04_02_21_22_38_867,1
2023_04_02_21_22_38_912,1
2023_04_02_21_22_38_959,1
2023_04_02_21_22_39_007,1
2023_04_02_21_22_39_059,1
2023_04_02_21_22_39_112,1
2023_04_02_21_22_39_166,1
2023_04_02_21_22_39_218,1
2023_04_02_21_22_39_271,1
2023_04_02_21_22_39_322,1
2023_04_02_21_22_39_440,1
